date,mktname,sbtype,transformation,middleprice,quantity
Sun Apr 01 2007 00:00:00 GMT+0800 (CST),高雄市,null,null,170,30
Mon Apr 02 2007 00:00:00 GMT+0800 (CST),高雄市,null,null,170,20
Tue Apr 03 2007 00:00:00 GMT+0800 (CST),高雄市,null,null,170,20
Wed Apr 04 2007 00:00:00 GMT+0800 (CST),高雄市,null,null,170,20
Thu Apr 05 2007 00:00:00 GMT+0800 (CST),高雄市,null,null,170,20
Sun Apr 08 2007 00:00:00 GMT+0800 (CST),高雄市,null,null,170,20
Mon Apr 09 2007 00:00:00 GMT+0800 (CST),高雄市,null,null,180,10
Tue Apr 10 2007 00:00:00 GMT+0800 (CST),高雄市,null,null,170,15
Wed Apr 11 2007 00:00:00 GMT+0800 (CST),高雄市,null,null,180,20
Thu Apr 12 2007 00:00:00 GMT+0800 (CST),高雄市,null,null,170,20
Fri Apr 13 2007 00:00:00 GMT+0800 (CST),高雄市,null,null,175,20
Sat Apr 14 2007 00:00:00 GMT+0800 (CST),高雄市,null,null,175,20
Sun Apr 15 2007 00:00:00 GMT+0800 (CST),高雄市,null,null,175,20
Tue Apr 17 2007 00:00:00 GMT+0800 (CST),高雄市,null,null,170,20
Wed Apr 18 2007 00:00:00 GMT+0800 (CST),高雄市,null,null,170,20
Thu Apr 19 2007 00:00:00 GMT+0800 (CST),高雄市,null,null,170,20
Fri Apr 20 2007 00:00:00 GMT+0800 (CST),高雄市,null,null,170,20
Sat Apr 21 2007 00:00:00 GMT+0800 (CST),高雄市,null,null,170,20
Sun Apr 22 2007 00:00:00 GMT+0800 (CST),高雄市,null,null,170,50
Tue Apr 24 2007 00:00:00 GMT+0800 (CST),高雄市,null,null,175,20
Wed Apr 25 2007 00:00:00 GMT+0800 (CST),高雄市,null,null,170,20
Thu Apr 26 2007 00:00:00 GMT+0800 (CST),高雄市,null,null,170,25
Fri Apr 27 2007 00:00:00 GMT+0800 (CST),高雄市,null,null,170,35
Sat Apr 28 2007 00:00:00 GMT+0800 (CST),台北一,null,null,160,3
Sat Apr 28 2007 00:00:00 GMT+0800 (CST),高雄市,null,null,170,40
Sun Apr 29 2007 00:00:00 GMT+0800 (CST),高雄市,null,null,175,20
Sun Apr 06 2008 00:00:00 GMT+0800 (CST),台北二,null,null,160,1
Tue Apr 08 2008 00:00:00 GMT+0800 (CST),台北二,null,null,160,9
Thu Apr 17 2008 00:00:00 GMT+0800 (CST),屏東市,null,null,34.5,11
Wed Apr 01 2009 00:00:00 GMT+0800 (CST),台北一,null,null,36.7,53
Thu Apr 02 2009 00:00:00 GMT+0800 (CST),台北二,null,null,40,35
Thu Apr 02 2009 00:00:00 GMT+0800 (CST),台北一,null,null,34.4,44
Fri Apr 03 2009 00:00:00 GMT+0800 (CST),台北二,null,null,44.3,30
Fri Apr 03 2009 00:00:00 GMT+0800 (CST),台北一,null,null,35.1,45
Tue Apr 07 2009 00:00:00 GMT+0800 (CST),台北一,null,null,41.1,64
Wed Apr 08 2009 00:00:00 GMT+0800 (CST),台北一,null,null,36.3,42
Thu Apr 09 2009 00:00:00 GMT+0800 (CST),台北二,null,null,30,16
Thu Apr 09 2009 00:00:00 GMT+0800 (CST),台北一,null,null,23.4,41
Fri Apr 10 2009 00:00:00 GMT+0800 (CST),台北一,null,null,35,13
Sat Apr 11 2009 00:00:00 GMT+0800 (CST),台北一,null,null,63,15
Sun Apr 12 2009 00:00:00 GMT+0800 (CST),台北一,null,null,51,14
Tue Apr 14 2009 00:00:00 GMT+0800 (CST),台北一,null,null,50,13
Wed Apr 15 2009 00:00:00 GMT+0800 (CST),台北二,null,null,50,20
Wed Apr 15 2009 00:00:00 GMT+0800 (CST),台北一,null,null,61.2,28
Thu Apr 16 2009 00:00:00 GMT+0800 (CST),台北一,null,null,41.7,46
Fri Apr 17 2009 00:00:00 GMT+0800 (CST),台北一,null,null,32,44
Sat Apr 18 2009 00:00:00 GMT+0800 (CST),台北二,null,null,41,10
Sat Apr 18 2009 00:00:00 GMT+0800 (CST),台北一,null,null,40,29
Sun Apr 19 2009 00:00:00 GMT+0800 (CST),台北一,null,null,38.7,39
Tue Apr 21 2009 00:00:00 GMT+0800 (CST),台北二,null,null,50,10
Tue Apr 21 2009 00:00:00 GMT+0800 (CST),台北一,null,null,34,43
Wed Apr 22 2009 00:00:00 GMT+0800 (CST),台北一,null,null,31.1,27
Thu Apr 23 2009 00:00:00 GMT+0800 (CST),台北一,null,null,31.1,29
Fri Apr 24 2009 00:00:00 GMT+0800 (CST),台北一,null,null,25.3,29
Wed Apr 29 2009 00:00:00 GMT+0800 (CST),台北一,null,null,20,12
Thu Apr 01 2010 00:00:00 GMT+0800 (CST),台北二,null,null,82,12
Fri Apr 02 2010 00:00:00 GMT+0800 (CST),台北二,null,null,70,12
Sat Apr 03 2010 00:00:00 GMT+0800 (CST),台北二,null,null,101.3,23
Sat Apr 03 2010 00:00:00 GMT+0800 (CST),三重市,null,null,40,15
Wed Apr 07 2010 00:00:00 GMT+0800 (CST),台北二,null,null,150,12
Wed Apr 07 2010 00:00:00 GMT+0800 (CST),三重市,null,null,38,22
Fri Apr 09 2010 00:00:00 GMT+0800 (CST),台北二,null,null,67,12
Fri Apr 09 2010 00:00:00 GMT+0800 (CST),三重市,null,null,40,14
Sun Apr 11 2010 00:00:00 GMT+0800 (CST),台北二,null,null,150,24
Tue Apr 13 2010 00:00:00 GMT+0800 (CST),三重市,null,null,35,11
Sat Apr 17 2010 00:00:00 GMT+0800 (CST),三重市,null,null,50,12
Tue Apr 20 2010 00:00:00 GMT+0800 (CST),台北二,null,null,150,24
Wed Apr 21 2010 00:00:00 GMT+0800 (CST),三重市,null,null,50,15
Tue Apr 27 2010 00:00:00 GMT+0800 (CST),三重市,null,null,30,9
Wed Apr 28 2010 00:00:00 GMT+0800 (CST),屏東市,null,null,15,35
Fri Apr 01 2011 00:00:00 GMT+0800 (CST),台北二,null,null,100,12
Sat Apr 02 2011 00:00:00 GMT+0800 (CST),台北二,null,null,100,24
Mon Apr 04 2011 00:00:00 GMT+0800 (CST),台北二,null,null,100,12
Thu Apr 07 2011 00:00:00 GMT+0800 (CST),台北二,null,null,100,12
Sat Apr 09 2011 00:00:00 GMT+0800 (CST),台北二,null,null,100,24
Sun Apr 10 2011 00:00:00 GMT+0800 (CST),台北二,null,null,100,12
Tue Apr 12 2011 00:00:00 GMT+0800 (CST),台北二,null,null,100,24
Thu Apr 14 2011 00:00:00 GMT+0800 (CST),台北二,null,null,40,12
Fri Apr 15 2011 00:00:00 GMT+0800 (CST),台北二,null,null,100,24
Fri Apr 15 2011 00:00:00 GMT+0800 (CST),三重市,null,null,50,12
Tue Apr 19 2011 00:00:00 GMT+0800 (CST),台北二,null,null,100,12
Tue Apr 19 2011 00:00:00 GMT+0800 (CST),三重市,null,null,45,12
Wed Apr 20 2011 00:00:00 GMT+0800 (CST),三重市,null,null,40,11
Thu Apr 21 2011 00:00:00 GMT+0800 (CST),台北二,null,null,120,12
Fri Apr 22 2011 00:00:00 GMT+0800 (CST),三重市,null,null,40,8
Sun Apr 24 2011 00:00:00 GMT+0800 (CST),台北二,null,null,100,24
Tue Apr 26 2011 00:00:00 GMT+0800 (CST),台北二,null,null,60,12
Thu Apr 28 2011 00:00:00 GMT+0800 (CST),台北二,null,null,60,12
Fri Apr 29 2011 00:00:00 GMT+0800 (CST),三重市,null,null,40,10
Tue Apr 03 2012 00:00:00 GMT+0800 (CST),台北二,null,null,55,15
Fri Apr 06 2012 00:00:00 GMT+0800 (CST),台北二,null,null,52,20
Sun Apr 08 2012 00:00:00 GMT+0800 (CST),台北二,null,null,42,20
Sun Apr 08 2012 00:00:00 GMT+0800 (CST),三重市,null,null,40,20
Sun Apr 08 2012 00:00:00 GMT+0800 (CST),高雄市,null,null,200,50
Tue Apr 10 2012 00:00:00 GMT+0800 (CST),台北二,null,null,45,20
Thu Apr 12 2012 00:00:00 GMT+0800 (CST),台北二,null,null,47,20
Fri Apr 13 2012 00:00:00 GMT+0800 (CST),台北二,null,null,36,20
Sat Apr 14 2012 00:00:00 GMT+0800 (CST),台北二,null,null,42,19
Tue Apr 17 2012 00:00:00 GMT+0800 (CST),台北二,null,null,45,40
Tue Apr 17 2012 00:00:00 GMT+0800 (CST),三重市,null,null,30,20
Wed Apr 18 2012 00:00:00 GMT+0800 (CST),台北二,null,null,47.5,40
Wed Apr 18 2012 00:00:00 GMT+0800 (CST),三重市,null,null,25,20
Thu Apr 19 2012 00:00:00 GMT+0800 (CST),三重市,null,null,20,20
Thu Apr 19 2012 00:00:00 GMT+0800 (CST),高雄市,null,null,200,20
Fri Apr 20 2012 00:00:00 GMT+0800 (CST),三重市,null,null,15,20
Sun Apr 22 2012 00:00:00 GMT+0800 (CST),台北二,null,null,35,20
Tue Apr 24 2012 00:00:00 GMT+0800 (CST),台北二,null,null,30,20
Tue Apr 24 2012 00:00:00 GMT+0800 (CST),台北一,null,null,45,20
Thu Apr 26 2012 00:00:00 GMT+0800 (CST),台北二,null,null,25,20
Thu Apr 26 2012 00:00:00 GMT+0800 (CST),台北一,null,null,50,20
Fri Apr 27 2012 00:00:00 GMT+0800 (CST),台北一,null,null,40,20
Sun Apr 29 2012 00:00:00 GMT+0800 (CST),台北一,null,null,40,20
Tue Apr 02 2013 00:00:00 GMT+0800 (CST),台北二,null,null,180,6
Tue Apr 02 2013 00:00:00 GMT+0800 (CST),台北一,null,null,60,70
Wed Apr 03 2013 00:00:00 GMT+0800 (CST),台北二,null,null,91.5,16
Wed Apr 03 2013 00:00:00 GMT+0800 (CST),台北一,null,null,70.2,54
Wed Apr 03 2013 00:00:00 GMT+0800 (CST),高雄市,null,null,200,20
Sat Apr 06 2013 00:00:00 GMT+0800 (CST),台北二,null,null,80.7,33
Sat Apr 06 2013 00:00:00 GMT+0800 (CST),台北一,null,null,70.4,44
Sun Apr 07 2013 00:00:00 GMT+0800 (CST),台北二,null,null,110,6
Tue Apr 09 2013 00:00:00 GMT+0800 (CST),台北二,null,null,80.3,56
Tue Apr 09 2013 00:00:00 GMT+0800 (CST),台北一,null,null,75.2,64
Wed Apr 10 2013 00:00:00 GMT+0800 (CST),台北二,null,null,66.4,62
Wed Apr 10 2013 00:00:00 GMT+0800 (CST),台北一,null,null,65.2,58
Wed Apr 10 2013 00:00:00 GMT+0800 (CST),高雄市,null,null,180,50
Thu Apr 11 2013 00:00:00 GMT+0800 (CST),台北一,null,null,100,24
Fri Apr 12 2013 00:00:00 GMT+0800 (CST),台北二,null,null,65,40
Fri Apr 12 2013 00:00:00 GMT+0800 (CST),台北一,null,null,81.7,32
Sat Apr 13 2013 00:00:00 GMT+0800 (CST),台北一,null,null,129.8,24
Sun Apr 14 2013 00:00:00 GMT+0800 (CST),台北二,null,null,75.6,26
Sun Apr 14 2013 00:00:00 GMT+0800 (CST),台北一,null,null,89,70
Tue Apr 16 2013 00:00:00 GMT+0800 (CST),台北二,null,null,80,15
Tue Apr 16 2013 00:00:00 GMT+0800 (CST),台北一,null,null,78.8,32
Tue Apr 16 2013 00:00:00 GMT+0800 (CST),高雄市,null,null,200,40
Wed Apr 17 2013 00:00:00 GMT+0800 (CST),台北二,null,null,70,20
Wed Apr 17 2013 00:00:00 GMT+0800 (CST),台北一,null,null,45,20
Wed Apr 17 2013 00:00:00 GMT+0800 (CST),高雄市,null,null,180,50
Thu Apr 18 2013 00:00:00 GMT+0800 (CST),台北二,null,null,80,13
Fri Apr 19 2013 00:00:00 GMT+0800 (CST),台北二,null,null,68,20
Fri Apr 19 2013 00:00:00 GMT+0800 (CST),台北一,null,null,46,26
Fri Apr 19 2013 00:00:00 GMT+0800 (CST),高雄市,null,null,200,40
Sun Apr 21 2013 00:00:00 GMT+0800 (CST),台北二,null,null,180,9
Sun Apr 21 2013 00:00:00 GMT+0800 (CST),台北一,null,null,60,20
Tue Apr 23 2013 00:00:00 GMT+0800 (CST),台北二,null,null,60,17
Tue Apr 23 2013 00:00:00 GMT+0800 (CST),高雄市,null,null,200,40
Wed Apr 24 2013 00:00:00 GMT+0800 (CST),高雄市,null,null,200,20
Thu Apr 25 2013 00:00:00 GMT+0800 (CST),台北二,null,null,150,10
Sat Apr 27 2013 00:00:00 GMT+0800 (CST),台北一,null,null,56,20
Sat Apr 27 2013 00:00:00 GMT+0800 (CST),高雄市,null,null,200,50
Sun Apr 28 2013 00:00:00 GMT+0800 (CST),台北二,null,null,150,9
Sun Apr 28 2013 00:00:00 GMT+0800 (CST),高雄市,null,null,200,40
Tue Apr 30 2013 00:00:00 GMT+0800 (CST),台北二,null,null,50,20
Wed Aug 01 2007 00:00:00 GMT+0800 (CST),高雄市,null,null,170,20
Sat Aug 04 2007 00:00:00 GMT+0800 (CST),高雄市,null,null,170,20
Tue Aug 07 2007 00:00:00 GMT+0800 (CST),高雄市,null,null,170,20
Wed Aug 08 2007 00:00:00 GMT+0800 (CST),高雄市,null,null,170,20
Thu Aug 09 2007 00:00:00 GMT+0800 (CST),高雄市,null,null,170,20
Sun Aug 12 2007 00:00:00 GMT+0800 (CST),高雄市,null,null,170,20
Tue Aug 14 2007 00:00:00 GMT+0800 (CST),高雄市,null,null,170,20
Sun Aug 19 2007 00:00:00 GMT+0800 (CST),高雄市,null,null,170,20
Wed Aug 22 2007 00:00:00 GMT+0800 (CST),高雄市,null,null,170,20
Mon Aug 27 2007 00:00:00 GMT+0800 (CST),高雄市,null,null,170,20
Thu Aug 30 2007 00:00:00 GMT+0800 (CST),高雄市,null,null,170,20
Tue Aug 25 2009 00:00:00 GMT+0800 (CST),台北一,null,null,30,24
Tue Aug 03 2010 00:00:00 GMT+0800 (CST),三重市,null,null,20,14
Wed Aug 04 2010 00:00:00 GMT+0800 (CST),三重市,null,null,20,14
Fri Aug 06 2010 00:00:00 GMT+0800 (CST),台北二,null,null,20,15
Sun Aug 08 2010 00:00:00 GMT+0800 (CST),三重市,null,null,25,16
Wed Aug 11 2010 00:00:00 GMT+0800 (CST),三重市,null,null,25,14
Fri Aug 13 2010 00:00:00 GMT+0800 (CST),三重市,null,null,25,13
Tue Aug 17 2010 00:00:00 GMT+0800 (CST),三重市,null,null,22,13
Wed Aug 18 2010 00:00:00 GMT+0800 (CST),三重市,null,null,22,13
Sat Aug 21 2010 00:00:00 GMT+0800 (CST),三重市,null,null,22,15
Fri Aug 27 2010 00:00:00 GMT+0800 (CST),三重市,null,null,20,12
Tue Aug 09 2011 00:00:00 GMT+0800 (CST),高雄市,null,null,220,20
Thu Dec 07 2006 00:00:00 GMT+0800 (CST),台北一,null,null,180,11
Sat Dec 09 2006 00:00:00 GMT+0800 (CST),台北一,null,null,180,2
Thu Dec 14 2006 00:00:00 GMT+0800 (CST),台北二,null,null,180,3
Tue Dec 19 2006 00:00:00 GMT+0800 (CST),台北一,null,null,180,1
Fri Dec 22 2006 00:00:00 GMT+0800 (CST),高雄市,null,null,150,20
Sat Dec 23 2006 00:00:00 GMT+0800 (CST),高雄市,null,null,150,60
Sun Dec 24 2006 00:00:00 GMT+0800 (CST),高雄市,null,null,156.7,50
Tue Dec 26 2006 00:00:00 GMT+0800 (CST),高雄市,null,null,154.1,90
Wed Dec 27 2006 00:00:00 GMT+0800 (CST),高雄市,null,null,150,50
Thu Dec 28 2006 00:00:00 GMT+0800 (CST),高雄市,null,null,150,50
Fri Dec 29 2006 00:00:00 GMT+0800 (CST),高雄市,null,null,157.8,60
Sat Dec 30 2006 00:00:00 GMT+0800 (CST),高雄市,null,null,150.4,90
Sun Dec 31 2006 00:00:00 GMT+0800 (CST),高雄市,null,null,150,55
Wed Dec 05 2007 00:00:00 GMT+0800 (CST),高雄市,null,null,170,20
Thu Dec 06 2007 00:00:00 GMT+0800 (CST),高雄市,null,null,170,20
Fri Dec 07 2007 00:00:00 GMT+0800 (CST),高雄市,null,null,170,20
Wed Dec 12 2007 00:00:00 GMT+0800 (CST),高雄市,null,null,170,20
Thu Dec 13 2007 00:00:00 GMT+0800 (CST),高雄市,null,null,170,20
Fri Dec 14 2007 00:00:00 GMT+0800 (CST),高雄市,null,null,170,20
Sat Dec 22 2007 00:00:00 GMT+0800 (CST),台北二,null,null,160,6
Wed Dec 26 2007 00:00:00 GMT+0800 (CST),台北二,null,null,160,3
Wed Dec 26 2007 00:00:00 GMT+0800 (CST),高雄市,null,null,170,20
Sun Dec 30 2007 00:00:00 GMT+0800 (CST),高雄市,null,null,170,20
Tue Dec 02 2008 00:00:00 GMT+0800 (CST),台北一,null,null,110,36
Wed Dec 03 2008 00:00:00 GMT+0800 (CST),台北一,null,null,95,48
Thu Dec 04 2008 00:00:00 GMT+0800 (CST),台北一,null,null,101,14
Fri Dec 05 2008 00:00:00 GMT+0800 (CST),台北一,null,null,82.6,45
Sat Dec 06 2008 00:00:00 GMT+0800 (CST),台北一,null,null,90,60
Sun Dec 07 2008 00:00:00 GMT+0800 (CST),台北一,null,null,62.9,68
Tue Dec 09 2008 00:00:00 GMT+0800 (CST),台北一,null,null,100.5,24
Wed Dec 10 2008 00:00:00 GMT+0800 (CST),台北一,null,null,90,48
Thu Dec 11 2008 00:00:00 GMT+0800 (CST),台北一,null,null,80.8,48
Fri Dec 12 2008 00:00:00 GMT+0800 (CST),台北二,null,null,86,24
Fri Dec 12 2008 00:00:00 GMT+0800 (CST),台北一,null,null,100.9,36
Sat Dec 13 2008 00:00:00 GMT+0800 (CST),台北一,null,null,110,24
Sun Dec 14 2008 00:00:00 GMT+0800 (CST),台北一,null,null,100,36
Tue Dec 16 2008 00:00:00 GMT+0800 (CST),台北一,null,null,112,36
Thu Dec 18 2008 00:00:00 GMT+0800 (CST),台北一,null,null,90,36
Fri Dec 19 2008 00:00:00 GMT+0800 (CST),台北一,null,null,100,24
Sat Dec 20 2008 00:00:00 GMT+0800 (CST),台北一,null,null,97.5,26
Wed Dec 24 2008 00:00:00 GMT+0800 (CST),台北一,null,null,100,13
Thu Dec 25 2008 00:00:00 GMT+0800 (CST),台北一,null,null,95,24
Fri Dec 26 2008 00:00:00 GMT+0800 (CST),台北一,null,null,100,24
Sat Dec 27 2008 00:00:00 GMT+0800 (CST),台北二,null,null,160,12
Sat Dec 27 2008 00:00:00 GMT+0800 (CST),台北一,null,null,116,24
Sun Dec 28 2008 00:00:00 GMT+0800 (CST),台北一,null,null,95,36
Tue Dec 30 2008 00:00:00 GMT+0800 (CST),台北一,null,null,100,36
Wed Dec 31 2008 00:00:00 GMT+0800 (CST),台北一,null,null,98.9,39
Fri Dec 04 2009 00:00:00 GMT+0800 (CST),高雄市,null,null,180,30
Tue Dec 08 2009 00:00:00 GMT+0800 (CST),台北二,null,null,150,6
Wed Dec 09 2009 00:00:00 GMT+0800 (CST),台北二,null,null,150,12
Thu Dec 10 2009 00:00:00 GMT+0800 (CST),台北一,null,null,61,25
Fri Dec 11 2009 00:00:00 GMT+0800 (CST),台北一,null,null,60,35
Sat Dec 12 2009 00:00:00 GMT+0800 (CST),台北二,null,null,52,35
Sat Dec 12 2009 00:00:00 GMT+0800 (CST),台北一,null,null,65,35
Sun Dec 13 2009 00:00:00 GMT+0800 (CST),台北二,null,null,65,50
Sun Dec 13 2009 00:00:00 GMT+0800 (CST),台北一,null,null,53,50
Tue Dec 15 2009 00:00:00 GMT+0800 (CST),台北二,null,null,65,30
Tue Dec 15 2009 00:00:00 GMT+0800 (CST),台北一,null,null,73,30
Wed Dec 16 2009 00:00:00 GMT+0800 (CST),台北一,null,null,49.2,40
Thu Dec 17 2009 00:00:00 GMT+0800 (CST),台北一,null,null,68,20
Fri Dec 25 2009 00:00:00 GMT+0800 (CST),台北二,null,null,150,24
Tue Dec 29 2009 00:00:00 GMT+0800 (CST),台北二,null,null,150,12
Fri Dec 03 2010 00:00:00 GMT+0800 (CST),台北一,null,null,91,40
Sun Dec 05 2010 00:00:00 GMT+0800 (CST),台北二,null,null,90,20
Sun Dec 05 2010 00:00:00 GMT+0800 (CST),台北一,null,null,90,60
Tue Dec 07 2010 00:00:00 GMT+0800 (CST),台北一,null,null,90,40
Wed Dec 08 2010 00:00:00 GMT+0800 (CST),台北二,null,null,100,20
Wed Dec 08 2010 00:00:00 GMT+0800 (CST),台北一,null,null,100,39
Fri Dec 10 2010 00:00:00 GMT+0800 (CST),台北二,null,null,101,40
Fri Dec 10 2010 00:00:00 GMT+0800 (CST),台北一,null,null,80,60
Sat Dec 11 2010 00:00:00 GMT+0800 (CST),台北二,null,null,90,20
Sat Dec 11 2010 00:00:00 GMT+0800 (CST),台北一,null,null,75,20
Sun Dec 12 2010 00:00:00 GMT+0800 (CST),台北二,null,null,90,40
Sun Dec 12 2010 00:00:00 GMT+0800 (CST),台北一,null,null,60,20
Sun Dec 19 2010 00:00:00 GMT+0800 (CST),台北二,null,null,110,40
Sun Dec 19 2010 00:00:00 GMT+0800 (CST),台北一,null,null,80,20
Sun Dec 19 2010 00:00:00 GMT+0800 (CST),三重市,null,null,45,20
Tue Dec 21 2010 00:00:00 GMT+0800 (CST),台北二,null,null,90,40
Thu Dec 23 2010 00:00:00 GMT+0800 (CST),台北二,null,null,97,40
Sat Dec 25 2010 00:00:00 GMT+0800 (CST),台北二,null,null,95,40
Tue Dec 28 2010 00:00:00 GMT+0800 (CST),台北二,null,null,100,40
Fri Dec 31 2010 00:00:00 GMT+0800 (CST),台北二,null,null,120,40
Fri Dec 02 2011 00:00:00 GMT+0800 (CST),台北二,null,null,157.1,14
Sat Dec 03 2011 00:00:00 GMT+0800 (CST),台北二,null,null,157.1,14
Sat Dec 03 2011 00:00:00 GMT+0800 (CST),台北一,null,null,125,20
Sat Dec 03 2011 00:00:00 GMT+0800 (CST),三重市,null,null,60,8
Sun Dec 04 2011 00:00:00 GMT+0800 (CST),台北二,null,null,175,12
Tue Dec 06 2011 00:00:00 GMT+0800 (CST),台北二,null,null,180,24
Tue Dec 06 2011 00:00:00 GMT+0800 (CST),台北一,null,null,100,20
Wed Dec 07 2011 00:00:00 GMT+0800 (CST),台北二,null,null,150,12
Wed Dec 07 2011 00:00:00 GMT+0800 (CST),台北一,null,null,75,20
Fri Dec 09 2011 00:00:00 GMT+0800 (CST),台北二,null,null,100,60
Sat Dec 10 2011 00:00:00 GMT+0800 (CST),台北二,null,null,154.2,24
Sun Dec 11 2011 00:00:00 GMT+0800 (CST),台北二,null,null,200,19
Tue Dec 13 2011 00:00:00 GMT+0800 (CST),台北一,null,null,90,20
Wed Dec 14 2011 00:00:00 GMT+0800 (CST),台北二,null,null,200,24
Wed Dec 14 2011 00:00:00 GMT+0800 (CST),台北一,null,null,80,20
Thu Dec 15 2011 00:00:00 GMT+0800 (CST),台北二,null,null,200,12
Sat Dec 17 2011 00:00:00 GMT+0800 (CST),台北一,null,null,100,50
Sun Dec 18 2011 00:00:00 GMT+0800 (CST),台北二,null,null,200,30
Sun Dec 18 2011 00:00:00 GMT+0800 (CST),台北一,null,null,80,75
Tue Dec 20 2011 00:00:00 GMT+0800 (CST),台北二,null,null,200,12
Tue Dec 20 2011 00:00:00 GMT+0800 (CST),台北一,null,null,88,115
Tue Dec 20 2011 00:00:00 GMT+0800 (CST),三重市,null,null,50,34
Wed Dec 21 2011 00:00:00 GMT+0800 (CST),台北二,null,null,75,40
Wed Dec 21 2011 00:00:00 GMT+0800 (CST),台北一,null,null,54.3,115
Wed Dec 21 2011 00:00:00 GMT+0800 (CST),三重市,null,null,75,20
Thu Dec 22 2011 00:00:00 GMT+0800 (CST),台北一,null,null,49.4,115
Thu Dec 22 2011 00:00:00 GMT+0800 (CST),三重市,null,null,60,20
Fri Dec 23 2011 00:00:00 GMT+0800 (CST),台北一,null,null,50.1,95
Fri Dec 23 2011 00:00:00 GMT+0800 (CST),三重市,null,null,50,20
Sat Dec 24 2011 00:00:00 GMT+0800 (CST),台北二,null,null,65.6,110
Sat Dec 24 2011 00:00:00 GMT+0800 (CST),台北一,null,null,55,115
Sat Dec 24 2011 00:00:00 GMT+0800 (CST),三重市,null,null,50,40
Sun Dec 25 2011 00:00:00 GMT+0800 (CST),台北二,null,null,63.6,138
Sun Dec 25 2011 00:00:00 GMT+0800 (CST),台北一,null,null,60,115
Sun Dec 25 2011 00:00:00 GMT+0800 (CST),三重市,null,null,45,40
Tue Dec 27 2011 00:00:00 GMT+0800 (CST),台北二,null,null,102.6,79
Tue Dec 27 2011 00:00:00 GMT+0800 (CST),台北一,null,null,64.6,70
Tue Dec 27 2011 00:00:00 GMT+0800 (CST),三重市,null,null,50,20
Wed Dec 28 2011 00:00:00 GMT+0800 (CST),台北二,null,null,85.5,45
Wed Dec 28 2011 00:00:00 GMT+0800 (CST),台北一,null,null,60,25
Wed Dec 28 2011 00:00:00 GMT+0800 (CST),三重市,null,null,50,20
Thu Dec 29 2011 00:00:00 GMT+0800 (CST),台北二,null,null,97.1,42
Thu Dec 29 2011 00:00:00 GMT+0800 (CST),台北一,null,null,60,50
Sat Dec 31 2011 00:00:00 GMT+0800 (CST),台北一,null,null,10,30
Sat Dec 31 2011 00:00:00 GMT+0800 (CST),高雄市,null,null,220,30
Sat Dec 08 2012 00:00:00 GMT+0800 (CST),台北一,null,null,123.3,5
Sun Dec 09 2012 00:00:00 GMT+0800 (CST),台北二,null,null,150,6
Tue Dec 11 2012 00:00:00 GMT+0800 (CST),台北二,null,null,180,5
Wed Dec 12 2012 00:00:00 GMT+0800 (CST),台北二,null,null,110,46
Wed Dec 12 2012 00:00:00 GMT+0800 (CST),高雄市,null,null,200,20
Thu Dec 13 2012 00:00:00 GMT+0800 (CST),台北二,null,null,108,50
Thu Dec 13 2012 00:00:00 GMT+0800 (CST),高雄市,null,null,200,20
Sun Dec 16 2012 00:00:00 GMT+0800 (CST),台北二,null,null,55,20
Sun Dec 16 2012 00:00:00 GMT+0800 (CST),高雄市,null,null,200,50
Tue Dec 18 2012 00:00:00 GMT+0800 (CST),台北二,null,null,82.7,32
Wed Dec 19 2012 00:00:00 GMT+0800 (CST),台北二,null,null,110,40
Wed Dec 19 2012 00:00:00 GMT+0800 (CST),台北一,null,null,80,20
Thu Dec 20 2012 00:00:00 GMT+0800 (CST),台北二,null,null,84.3,70
Thu Dec 20 2012 00:00:00 GMT+0800 (CST),高雄市,null,null,200,20
Fri Dec 21 2012 00:00:00 GMT+0800 (CST),台北二,null,null,102,40
Fri Dec 21 2012 00:00:00 GMT+0800 (CST),台北一,null,null,94,20
Fri Dec 21 2012 00:00:00 GMT+0800 (CST),三重市,null,null,45,20
Sat Dec 22 2012 00:00:00 GMT+0800 (CST),台北二,null,null,100,20
Sat Dec 22 2012 00:00:00 GMT+0800 (CST),台北一,null,null,100,20
Sun Dec 23 2012 00:00:00 GMT+0800 (CST),台北一,null,null,95,16
Tue Dec 25 2012 00:00:00 GMT+0800 (CST),台北二,null,null,58.3,40
Tue Dec 25 2012 00:00:00 GMT+0800 (CST),台北一,null,null,95,18
Thu Dec 27 2012 00:00:00 GMT+0800 (CST),台北二,null,null,55,20
Thu Dec 27 2012 00:00:00 GMT+0800 (CST),台北一,null,null,75,16
Fri Dec 28 2012 00:00:00 GMT+0800 (CST),台北二,null,null,55,30
Sat Dec 29 2012 00:00:00 GMT+0800 (CST),台北二,null,null,103,40
Sat Dec 29 2012 00:00:00 GMT+0800 (CST),台北一,null,null,75,20
Sat Dec 29 2012 00:00:00 GMT+0800 (CST),高雄市,null,null,200,50
Sun Dec 30 2012 00:00:00 GMT+0800 (CST),台北二,null,null,150,21
Fri Feb 03 2006 00:00:00 GMT+0800 (CST),高雄市,null,null,120,20
Sun Feb 05 2006 00:00:00 GMT+0800 (CST),高雄市,null,null,120,20
Tue Feb 07 2006 00:00:00 GMT+0800 (CST),高雄市,null,null,120,30
Thu Feb 09 2006 00:00:00 GMT+0800 (CST),台北一,null,null,150,2
Thu Feb 09 2006 00:00:00 GMT+0800 (CST),高雄市,null,null,120,30
Sat Feb 11 2006 00:00:00 GMT+0800 (CST),高雄市,null,null,120,30
Sun Feb 12 2006 00:00:00 GMT+0800 (CST),高雄市,null,null,120,10
Wed Feb 15 2006 00:00:00 GMT+0800 (CST),高雄市,null,null,120,40
Thu Feb 16 2006 00:00:00 GMT+0800 (CST),高雄市,null,null,120,20
Sat Feb 18 2006 00:00:00 GMT+0800 (CST),高雄市,null,null,120,30
Sun Feb 19 2006 00:00:00 GMT+0800 (CST),高雄市,null,null,120,30
Tue Feb 21 2006 00:00:00 GMT+0800 (CST),高雄市,null,null,120,20
Wed Feb 22 2006 00:00:00 GMT+0800 (CST),高雄市,null,null,120,30
Thu Feb 23 2006 00:00:00 GMT+0800 (CST),高雄市,null,null,120,30
Fri Feb 24 2006 00:00:00 GMT+0800 (CST),高雄市,null,null,120,20
Sat Feb 25 2006 00:00:00 GMT+0800 (CST),高雄市,null,null,120,50
Sun Feb 26 2006 00:00:00 GMT+0800 (CST),高雄市,null,null,123.3,50
Tue Feb 28 2006 00:00:00 GMT+0800 (CST),高雄市,null,null,120,20
Thu Feb 01 2007 00:00:00 GMT+0800 (CST),高雄市,null,null,150,20
Fri Feb 02 2007 00:00:00 GMT+0800 (CST),高雄市,null,null,150,40
Sat Feb 03 2007 00:00:00 GMT+0800 (CST),台北二,null,null,180,38
Sat Feb 03 2007 00:00:00 GMT+0800 (CST),高雄市,null,null,150,20
Sun Feb 04 2007 00:00:00 GMT+0800 (CST),高雄市,null,null,150,40
Tue Feb 06 2007 00:00:00 GMT+0800 (CST),台北二,null,null,180,26
Tue Feb 06 2007 00:00:00 GMT+0800 (CST),高雄市,null,null,150,20
Wed Feb 07 2007 00:00:00 GMT+0800 (CST),高雄市,null,null,150,20
Thu Feb 08 2007 00:00:00 GMT+0800 (CST),高雄市,null,null,150,40
Fri Feb 09 2007 00:00:00 GMT+0800 (CST),高雄市,null,null,150,20
Sat Feb 10 2007 00:00:00 GMT+0800 (CST),高雄市,null,null,150,40
Sun Feb 11 2007 00:00:00 GMT+0800 (CST),高雄市,null,null,150,20
Tue Feb 13 2007 00:00:00 GMT+0800 (CST),高雄市,null,null,150,30
Wed Feb 14 2007 00:00:00 GMT+0800 (CST),台北一,null,null,180,3
Wed Feb 14 2007 00:00:00 GMT+0800 (CST),高雄市,null,null,150,50
Thu Feb 15 2007 00:00:00 GMT+0800 (CST),台北一,null,null,180,2
Thu Feb 15 2007 00:00:00 GMT+0800 (CST),高雄市,null,null,170,80
Fri Feb 16 2007 00:00:00 GMT+0800 (CST),台北一,null,null,180,24
Fri Feb 16 2007 00:00:00 GMT+0800 (CST),高雄市,null,null,170,50
Sat Feb 17 2007 00:00:00 GMT+0800 (CST),高雄市,null,null,170,30
Fri Feb 23 2007 00:00:00 GMT+0800 (CST),高雄市,null,null,177.8,60
Sat Feb 24 2007 00:00:00 GMT+0800 (CST),高雄市,null,null,162.4,70
Sun Feb 25 2007 00:00:00 GMT+0800 (CST),高雄市,null,null,172.5,40
Tue Feb 27 2007 00:00:00 GMT+0800 (CST),高雄市,null,null,172,45
Wed Feb 28 2007 00:00:00 GMT+0800 (CST),高雄市,null,null,170,30
Sun Feb 03 2008 00:00:00 GMT+0800 (CST),台北一,null,null,120,2
Mon Feb 04 2008 00:00:00 GMT+0800 (CST),台北一,null,null,121.5,9
Tue Feb 05 2008 00:00:00 GMT+0800 (CST),台北一,null,null,120,6
Tue Feb 12 2008 00:00:00 GMT+0800 (CST),台北一,null,null,120,15
Tue Feb 19 2008 00:00:00 GMT+0800 (CST),台北二,null,null,160,6
Sun Feb 24 2008 00:00:00 GMT+0800 (CST),台北二,null,null,160,8
Tue Feb 26 2008 00:00:00 GMT+0800 (CST),台北二,null,null,160,7
Wed Feb 04 2009 00:00:00 GMT+0800 (CST),台北一,null,null,120,13
Thu Feb 05 2009 00:00:00 GMT+0800 (CST),台北一,null,null,39.5,82
Fri Feb 06 2009 00:00:00 GMT+0800 (CST),台北一,null,null,110,22
Sun Feb 08 2009 00:00:00 GMT+0800 (CST),台北一,null,null,100,28
Mon Feb 09 2009 00:00:00 GMT+0800 (CST),台北一,null,null,100,27
Thu Feb 12 2009 00:00:00 GMT+0800 (CST),台北一,null,null,80.3,75
Fri Feb 13 2009 00:00:00 GMT+0800 (CST),台北一,null,null,70,48
Sat Feb 14 2009 00:00:00 GMT+0800 (CST),台北一,null,null,50,48
Sun Feb 15 2009 00:00:00 GMT+0800 (CST),台北一,null,null,30.2,104
Tue Feb 17 2009 00:00:00 GMT+0800 (CST),台北一,null,null,49,190
Tue Feb 17 2009 00:00:00 GMT+0800 (CST),台中市,null,null,40,32
Wed Feb 18 2009 00:00:00 GMT+0800 (CST),台北一,null,null,26.7,36
Wed Feb 18 2009 00:00:00 GMT+0800 (CST),台中市,null,null,41.1,27
Fri Feb 20 2009 00:00:00 GMT+0800 (CST),台北一,null,null,30,30
Fri Feb 20 2009 00:00:00 GMT+0800 (CST),高雄市,null,null,180,20
Sat Feb 21 2009 00:00:00 GMT+0800 (CST),台北一,null,null,48.5,46
Sun Feb 22 2009 00:00:00 GMT+0800 (CST),台北一,null,null,50,42
Tue Feb 24 2009 00:00:00 GMT+0800 (CST),台北一,null,null,60,52
Tue Feb 24 2009 00:00:00 GMT+0800 (CST),高雄市,null,null,180,20
Wed Feb 25 2009 00:00:00 GMT+0800 (CST),台北一,null,null,50,13
Thu Feb 26 2009 00:00:00 GMT+0800 (CST),台北一,null,null,50,24
Fri Feb 27 2009 00:00:00 GMT+0800 (CST),台北二,null,null,40,13
Fri Feb 27 2009 00:00:00 GMT+0800 (CST),台北一,null,null,50,24
Fri Feb 27 2009 00:00:00 GMT+0800 (CST),高雄市,null,null,180,50
Sat Feb 28 2009 00:00:00 GMT+0800 (CST),台北二,null,null,45,13
Sat Feb 28 2009 00:00:00 GMT+0800 (CST),台北一,null,null,60,22
Sat Feb 28 2009 00:00:00 GMT+0800 (CST),高雄市,null,null,180,30
Thu Feb 04 2010 00:00:00 GMT+0800 (CST),台北二,null,null,150,12
Sun Feb 07 2010 00:00:00 GMT+0800 (CST),高雄市,null,null,180,10
Tue Feb 09 2010 00:00:00 GMT+0800 (CST),高雄市,null,null,180,10
Wed Feb 10 2010 00:00:00 GMT+0800 (CST),台北二,null,null,150,10
Fri Feb 12 2010 00:00:00 GMT+0800 (CST),高雄市,null,null,180,20
Thu Feb 25 2010 00:00:00 GMT+0800 (CST),高雄市,null,null,180,30
Fri Feb 26 2010 00:00:00 GMT+0800 (CST),高雄市,null,null,180,20
Sat Feb 27 2010 00:00:00 GMT+0800 (CST),台北二,null,null,150,12
Tue Feb 01 2011 00:00:00 GMT+0800 (CST),台北二,null,null,115,40
Tue Feb 01 2011 00:00:00 GMT+0800 (CST),台北一,null,null,180,15
Tue Feb 01 2011 00:00:00 GMT+0800 (CST),高雄市,null,null,220,30
Wed Feb 02 2011 00:00:00 GMT+0800 (CST),台北二,null,null,90,36
Wed Feb 02 2011 00:00:00 GMT+0800 (CST),台北一,null,null,55,21
Tue Feb 08 2011 00:00:00 GMT+0800 (CST),台北二,null,null,100,40
Wed Feb 09 2011 00:00:00 GMT+0800 (CST),台北二,null,null,85,54
Wed Feb 09 2011 00:00:00 GMT+0800 (CST),台北一,null,null,60,60
Thu Feb 10 2011 00:00:00 GMT+0800 (CST),台北二,null,null,75,60
Thu Feb 10 2011 00:00:00 GMT+0800 (CST),台北一,null,null,25,72
Thu Feb 10 2011 00:00:00 GMT+0800 (CST),三重市,null,null,20,72
Fri Feb 11 2011 00:00:00 GMT+0800 (CST),台北二,null,null,72.5,57
Fri Feb 11 2011 00:00:00 GMT+0800 (CST),台北一,null,null,62,72
Fri Feb 11 2011 00:00:00 GMT+0800 (CST),三重市,null,null,37,72
Sat Feb 12 2011 00:00:00 GMT+0800 (CST),台北二,null,null,66.7,60
Sat Feb 12 2011 00:00:00 GMT+0800 (CST),高雄市,null,null,220,20
Sun Feb 13 2011 00:00:00 GMT+0800 (CST),台北二,null,null,55,60
Sun Feb 13 2011 00:00:00 GMT+0800 (CST),台北一,null,null,56.1,72
Sun Feb 13 2011 00:00:00 GMT+0800 (CST),三重市,null,null,35,24
Tue Feb 15 2011 00:00:00 GMT+0800 (CST),台北二,null,null,60,48
Tue Feb 15 2011 00:00:00 GMT+0800 (CST),台北一,null,null,65,60
Wed Feb 16 2011 00:00:00 GMT+0800 (CST),台北一,null,null,66.7,60
Thu Feb 17 2011 00:00:00 GMT+0800 (CST),台北一,null,null,61.1,72
Sun Feb 20 2011 00:00:00 GMT+0800 (CST),台北一,null,null,57.7,72
Tue Feb 22 2011 00:00:00 GMT+0800 (CST),台北一,null,null,59,60
Wed Feb 23 2011 00:00:00 GMT+0800 (CST),台北一,null,null,58,48
Thu Feb 24 2011 00:00:00 GMT+0800 (CST),台北一,null,null,59.6,48
Sun Feb 27 2011 00:00:00 GMT+0800 (CST),台北二,null,null,70,36
Sun Feb 27 2011 00:00:00 GMT+0800 (CST),台北一,null,null,58,36
Wed Feb 01 2012 00:00:00 GMT+0800 (CST),台北二,null,null,50,40
Wed Feb 01 2012 00:00:00 GMT+0800 (CST),台北一,null,null,50,40
Thu Feb 02 2012 00:00:00 GMT+0800 (CST),台北二,null,null,70,40
Thu Feb 02 2012 00:00:00 GMT+0800 (CST),台北一,null,null,70,50
Fri Feb 03 2012 00:00:00 GMT+0800 (CST),台北二,null,null,200,120
Fri Feb 03 2012 00:00:00 GMT+0800 (CST),台北一,null,null,60,50
Sat Feb 04 2012 00:00:00 GMT+0800 (CST),台北二,null,null,80,25
Sat Feb 04 2012 00:00:00 GMT+0800 (CST),台北一,null,null,60,50
Sun Feb 05 2012 00:00:00 GMT+0800 (CST),台北二,null,null,150,24
Sun Feb 05 2012 00:00:00 GMT+0800 (CST),台北一,null,null,60,50
Mon Feb 06 2012 00:00:00 GMT+0800 (CST),台北二,null,null,62,40
Mon Feb 06 2012 00:00:00 GMT+0800 (CST),台北一,null,null,60,50
Thu Feb 09 2012 00:00:00 GMT+0800 (CST),台北二,null,null,50,40
Thu Feb 09 2012 00:00:00 GMT+0800 (CST),台北一,null,null,90,25
Thu Feb 09 2012 00:00:00 GMT+0800 (CST),三重市,null,null,45,20
Sun Feb 12 2012 00:00:00 GMT+0800 (CST),台北二,null,null,136.7,68
Sun Feb 12 2012 00:00:00 GMT+0800 (CST),台北一,null,null,70,55
Sun Feb 12 2012 00:00:00 GMT+0800 (CST),三重市,null,null,62,20
Wed Feb 15 2012 00:00:00 GMT+0800 (CST),台北二,null,null,60,40
Wed Feb 15 2012 00:00:00 GMT+0800 (CST),三重市,null,null,50,20
Thu Feb 16 2012 00:00:00 GMT+0800 (CST),台北二,null,null,55,20
Thu Feb 16 2012 00:00:00 GMT+0800 (CST),台北一,null,null,70,25
Fri Feb 17 2012 00:00:00 GMT+0800 (CST),台北二,null,null,160,48
Fri Feb 17 2012 00:00:00 GMT+0800 (CST),台北一,null,null,70,35
Fri Feb 17 2012 00:00:00 GMT+0800 (CST),三重市,null,null,57,20
Sat Feb 18 2012 00:00:00 GMT+0800 (CST),高雄市,null,null,220,20
Sun Feb 19 2012 00:00:00 GMT+0800 (CST),台北二,null,null,50,80
Sun Feb 19 2012 00:00:00 GMT+0800 (CST),三重市,null,null,45,20
Sun Feb 19 2012 00:00:00 GMT+0800 (CST),高雄市,null,null,220,20
Tue Feb 21 2012 00:00:00 GMT+0800 (CST),台北二,null,null,55,20
Tue Feb 21 2012 00:00:00 GMT+0800 (CST),台北一,null,null,82,30
Tue Feb 21 2012 00:00:00 GMT+0800 (CST),三重市,null,null,50,20
Tue Feb 21 2012 00:00:00 GMT+0800 (CST),高雄市,null,null,220,20
Wed Feb 22 2012 00:00:00 GMT+0800 (CST),台北二,null,null,200,24
Thu Feb 23 2012 00:00:00 GMT+0800 (CST),高雄市,null,null,220,30
Fri Feb 24 2012 00:00:00 GMT+0800 (CST),台北二,null,null,150,12
Fri Feb 24 2012 00:00:00 GMT+0800 (CST),台北一,null,null,70,25
Sat Feb 25 2012 00:00:00 GMT+0800 (CST),台北二,null,null,150,24
Sat Feb 25 2012 00:00:00 GMT+0800 (CST),台北一,null,null,77,25
Sun Feb 26 2012 00:00:00 GMT+0800 (CST),台北一,null,null,75,25
Sun Feb 26 2012 00:00:00 GMT+0800 (CST),三重市,null,null,40,20
Sun Feb 26 2012 00:00:00 GMT+0800 (CST),高雄市,null,null,200,20
Tue Feb 28 2012 00:00:00 GMT+0800 (CST),台北一,null,null,83.3,25
Tue Feb 28 2012 00:00:00 GMT+0800 (CST),三重市,null,null,45,20
Wed Feb 29 2012 00:00:00 GMT+0800 (CST),台北二,null,null,45,48
Fri Feb 01 2013 00:00:00 GMT+0800 (CST),台北二,null,null,136,20
Fri Feb 01 2013 00:00:00 GMT+0800 (CST),高雄市,null,null,150,50
Sat Feb 02 2013 00:00:00 GMT+0800 (CST),高雄市,null,null,180,30
Sun Feb 03 2013 00:00:00 GMT+0800 (CST),台北二,null,null,190,2
Tue Feb 05 2013 00:00:00 GMT+0800 (CST),台北二,null,null,55,15
Tue Feb 05 2013 00:00:00 GMT+0800 (CST),高雄市,null,null,180,50
Wed Feb 06 2013 00:00:00 GMT+0800 (CST),台北二,null,null,150,40
Wed Feb 06 2013 00:00:00 GMT+0800 (CST),台北一,null,null,80,40
Wed Feb 06 2013 00:00:00 GMT+0800 (CST),高雄市,null,null,200,50
Thu Feb 07 2013 00:00:00 GMT+0800 (CST),台北二,null,null,55,30
Thu Feb 07 2013 00:00:00 GMT+0800 (CST),高雄市,null,null,194.2,80
Sat Feb 09 2013 00:00:00 GMT+0800 (CST),台北二,null,null,111.2,76
Fri Feb 15 2013 00:00:00 GMT+0800 (CST),台北二,null,null,55,64
Fri Feb 15 2013 00:00:00 GMT+0800 (CST),台北一,null,null,60,40
Sat Feb 16 2013 00:00:00 GMT+0800 (CST),台北二,null,null,85,42
Sat Feb 16 2013 00:00:00 GMT+0800 (CST),台北一,null,null,95,40
Sat Feb 16 2013 00:00:00 GMT+0800 (CST),三重市,null,null,30,20
Sun Feb 17 2013 00:00:00 GMT+0800 (CST),台北二,null,null,85,44
Sun Feb 17 2013 00:00:00 GMT+0800 (CST),三重市,null,null,30,20
Thu Feb 21 2013 00:00:00 GMT+0800 (CST),台北二,null,null,55,10
Thu Feb 21 2013 00:00:00 GMT+0800 (CST),三重市,null,null,30,20
Thu Feb 21 2013 00:00:00 GMT+0800 (CST),高雄市,null,null,180,25
Fri Feb 22 2013 00:00:00 GMT+0800 (CST),台北二,null,null,190,6
Sat Feb 23 2013 00:00:00 GMT+0800 (CST),三重市,null,null,30,17
Sun Feb 24 2013 00:00:00 GMT+0800 (CST),台北二,null,null,190,8
Wed Feb 27 2013 00:00:00 GMT+0800 (CST),台北二,null,null,90,60
Wed Feb 27 2013 00:00:00 GMT+0800 (CST),台北一,null,null,80,20
Thu Feb 28 2013 00:00:00 GMT+0800 (CST),台北二,null,null,67.5,40
Thu Feb 28 2013 00:00:00 GMT+0800 (CST),台北一,null,null,40,18
Wed Jan 04 2006 00:00:00 GMT+0800 (CST),台北一,null,null,150,22
Wed Jan 04 2006 00:00:00 GMT+0800 (CST),高雄市,null,null,120,50
Fri Jan 06 2006 00:00:00 GMT+0800 (CST),高雄市,null,null,200,30
Tue Jan 10 2006 00:00:00 GMT+0800 (CST),高雄市,null,null,130,30
Thu Jan 12 2006 00:00:00 GMT+0800 (CST),高雄市,null,null,125,40
Fri Jan 13 2006 00:00:00 GMT+0800 (CST),台北一,null,null,150,9
Fri Jan 13 2006 00:00:00 GMT+0800 (CST),高雄市,null,null,120,20
Sat Jan 14 2006 00:00:00 GMT+0800 (CST),高雄市,null,null,120,20
Sun Jan 15 2006 00:00:00 GMT+0800 (CST),高雄市,null,null,120,20
Wed Jan 18 2006 00:00:00 GMT+0800 (CST),高雄市,null,null,120,40
Thu Jan 19 2006 00:00:00 GMT+0800 (CST),高雄市,null,null,120,20
Fri Jan 20 2006 00:00:00 GMT+0800 (CST),高雄市,null,null,120,20
Sat Jan 21 2006 00:00:00 GMT+0800 (CST),高雄市,null,null,120,20
Sun Jan 22 2006 00:00:00 GMT+0800 (CST),高雄市,null,null,120,20
Tue Jan 24 2006 00:00:00 GMT+0800 (CST),台北一,null,null,130,10
Tue Jan 24 2006 00:00:00 GMT+0800 (CST),高雄市,null,null,120,20
Wed Jan 25 2006 00:00:00 GMT+0800 (CST),高雄市,null,null,133.3,50
Thu Jan 26 2006 00:00:00 GMT+0800 (CST),高雄市,null,null,120,40
Sat Jan 28 2006 00:00:00 GMT+0800 (CST),台北一,null,null,130,10
Sat Jan 28 2006 00:00:00 GMT+0800 (CST),高雄市,null,null,120,50
Tue Jan 02 2007 00:00:00 GMT+0800 (CST),高雄市,null,null,150,20
Wed Jan 03 2007 00:00:00 GMT+0800 (CST),高雄市,null,null,150,60
Thu Jan 04 2007 00:00:00 GMT+0800 (CST),高雄市,null,null,150,50
Fri Jan 05 2007 00:00:00 GMT+0800 (CST),高雄市,null,null,150,60
Sat Jan 06 2007 00:00:00 GMT+0800 (CST),高雄市,null,null,150,50
Sun Jan 07 2007 00:00:00 GMT+0800 (CST),高雄市,null,null,150,40
Tue Jan 09 2007 00:00:00 GMT+0800 (CST),高雄市,null,null,150,60
Wed Jan 10 2007 00:00:00 GMT+0800 (CST),高雄市,null,null,150,40
Thu Jan 11 2007 00:00:00 GMT+0800 (CST),高雄市,null,null,150,60
Fri Jan 12 2007 00:00:00 GMT+0800 (CST),高雄市,null,null,150,50
Sat Jan 13 2007 00:00:00 GMT+0800 (CST),高雄市,null,null,150,40
Sun Jan 14 2007 00:00:00 GMT+0800 (CST),高雄市,null,null,150,40
Tue Jan 16 2007 00:00:00 GMT+0800 (CST),高雄市,null,null,150,50
Wed Jan 17 2007 00:00:00 GMT+0800 (CST),高雄市,null,null,150,40
Thu Jan 18 2007 00:00:00 GMT+0800 (CST),高雄市,null,null,150,50
Fri Jan 19 2007 00:00:00 GMT+0800 (CST),高雄市,null,null,150,70
Sat Jan 20 2007 00:00:00 GMT+0800 (CST),高雄市,null,null,150,50
Sun Jan 21 2007 00:00:00 GMT+0800 (CST),高雄市,null,null,150,60
Tue Jan 23 2007 00:00:00 GMT+0800 (CST),高雄市,null,null,150,50
Wed Jan 24 2007 00:00:00 GMT+0800 (CST),高雄市,null,null,150,50
Thu Jan 25 2007 00:00:00 GMT+0800 (CST),高雄市,null,null,150,50
Fri Jan 26 2007 00:00:00 GMT+0800 (CST),高雄市,null,null,152.2,30
Sat Jan 27 2007 00:00:00 GMT+0800 (CST),高雄市,null,null,150,60
Sun Jan 28 2007 00:00:00 GMT+0800 (CST),高雄市,null,null,150,50
Tue Jan 30 2007 00:00:00 GMT+0800 (CST),高雄市,null,null,150,60
Wed Jan 31 2007 00:00:00 GMT+0800 (CST),高雄市,null,null,150,50
Tue Jan 15 2008 00:00:00 GMT+0800 (CST),台北二,null,null,160,5
Wed Jan 16 2008 00:00:00 GMT+0800 (CST),台北二,null,null,160,6
Tue Jan 22 2008 00:00:00 GMT+0800 (CST),台北二,null,null,160,8
Tue Jan 29 2008 00:00:00 GMT+0800 (CST),台北二,null,null,160,2
Thu Jan 01 2009 00:00:00 GMT+0800 (CST),台北一,null,null,120,39
Fri Jan 02 2009 00:00:00 GMT+0800 (CST),台北一,null,null,150,13
Sat Jan 03 2009 00:00:00 GMT+0800 (CST),台北一,null,null,130,39
Sun Jan 04 2009 00:00:00 GMT+0800 (CST),台北二,null,null,160,12
Sun Jan 04 2009 00:00:00 GMT+0800 (CST),台北一,null,null,130,13
Tue Jan 06 2009 00:00:00 GMT+0800 (CST),台北一,null,null,105,26
Wed Jan 07 2009 00:00:00 GMT+0800 (CST),台北二,null,null,160,12
Fri Jan 09 2009 00:00:00 GMT+0800 (CST),台北一,null,null,135,13
Sat Jan 10 2009 00:00:00 GMT+0800 (CST),台北一,null,null,178,13
Sun Jan 18 2009 00:00:00 GMT+0800 (CST),台北二,null,null,160,12
Tue Jan 20 2009 00:00:00 GMT+0800 (CST),台北一,null,null,220,11
Wed Jan 21 2009 00:00:00 GMT+0800 (CST),台北一,null,null,130.2,17
Thu Jan 22 2009 00:00:00 GMT+0800 (CST),台北一,null,null,270,12
Fri Jan 23 2009 00:00:00 GMT+0800 (CST),台北一,null,null,280,12
Sat Jan 24 2009 00:00:00 GMT+0800 (CST),台北一,null,null,195,13
Sat Jan 24 2009 00:00:00 GMT+0800 (CST),高雄市,null,null,180,30
Sun Jan 25 2009 00:00:00 GMT+0800 (CST),台北一,null,null,130,13
Sat Jan 31 2009 00:00:00 GMT+0800 (CST),台北一,null,null,120,13
Sun Jan 03 2010 00:00:00 GMT+0800 (CST),台北二,null,null,150,24
Fri Jan 08 2010 00:00:00 GMT+0800 (CST),台北二,null,null,150,12
Fri Jan 08 2010 00:00:00 GMT+0800 (CST),高雄市,null,null,180,15
Thu Jan 14 2010 00:00:00 GMT+0800 (CST),台北二,null,null,150,12
Sat Jan 16 2010 00:00:00 GMT+0800 (CST),台北二,null,null,150,24
Fri Jan 22 2010 00:00:00 GMT+0800 (CST),台北二,null,null,150,72
Fri Jan 22 2010 00:00:00 GMT+0800 (CST),台北一,null,null,150,6
Sat Jan 23 2010 00:00:00 GMT+0800 (CST),台北一,null,null,65,7
Sun Jan 24 2010 00:00:00 GMT+0800 (CST),台北一,null,null,150,3
Tue Jan 26 2010 00:00:00 GMT+0800 (CST),台北二,null,null,150,36
Tue Jan 26 2010 00:00:00 GMT+0800 (CST),高雄市,null,null,180,20
Sun Jan 31 2010 00:00:00 GMT+0800 (CST),高雄市,null,null,180,8
Sun Jan 02 2011 00:00:00 GMT+0800 (CST),台北二,null,null,110,60
Wed Jan 05 2011 00:00:00 GMT+0800 (CST),台北二,null,null,115,20
Fri Jan 07 2011 00:00:00 GMT+0800 (CST),台北二,null,null,105,40
Fri Jan 07 2011 00:00:00 GMT+0800 (CST),台北一,null,null,65,20
Sun Jan 09 2011 00:00:00 GMT+0800 (CST),台北二,null,null,110,60
Wed Jan 12 2011 00:00:00 GMT+0800 (CST),台北二,null,null,90,40
Fri Jan 14 2011 00:00:00 GMT+0800 (CST),台北二,null,null,105,20
Sun Jan 16 2011 00:00:00 GMT+0800 (CST),台北二,null,null,90,60
Fri Jan 21 2011 00:00:00 GMT+0800 (CST),台北二,null,null,95,36
Sat Jan 22 2011 00:00:00 GMT+0800 (CST),台北二,null,null,150,24
Sun Jan 23 2011 00:00:00 GMT+0800 (CST),台北二,null,null,80,60
Fri Jan 28 2011 00:00:00 GMT+0800 (CST),台北二,null,null,105,62
Sun Jan 30 2011 00:00:00 GMT+0800 (CST),台北二,null,null,94.7,52
Sun Jan 30 2011 00:00:00 GMT+0800 (CST),高雄市,null,null,214,28
Sun Jan 01 2012 00:00:00 GMT+0800 (CST),台北二,null,null,105.1,52
Sun Jan 01 2012 00:00:00 GMT+0800 (CST),台北一,null,null,66,20
Sun Jan 01 2012 00:00:00 GMT+0800 (CST),三重市,null,null,85,20
Tue Jan 03 2012 00:00:00 GMT+0800 (CST),台北二,null,null,105.1,52
Tue Jan 03 2012 00:00:00 GMT+0800 (CST),台北一,null,null,92,20
Tue Jan 03 2012 00:00:00 GMT+0800 (CST),三重市,null,null,60,20
Wed Jan 04 2012 00:00:00 GMT+0800 (CST),台北二,null,null,100.4,52
Wed Jan 04 2012 00:00:00 GMT+0800 (CST),台北一,null,null,75,20
Wed Jan 04 2012 00:00:00 GMT+0800 (CST),三重市,null,null,85,20
Fri Jan 06 2012 00:00:00 GMT+0800 (CST),台北二,null,null,164.8,85
Fri Jan 06 2012 00:00:00 GMT+0800 (CST),三重市,null,null,60,20
Sat Jan 07 2012 00:00:00 GMT+0800 (CST),台北二,null,null,110,45
Sat Jan 07 2012 00:00:00 GMT+0800 (CST),台北一,null,null,80,20
Sat Jan 07 2012 00:00:00 GMT+0800 (CST),三重市,null,null,72,20
Sun Jan 08 2012 00:00:00 GMT+0800 (CST),台北二,null,null,112.1,55
Sun Jan 08 2012 00:00:00 GMT+0800 (CST),台北一,null,null,36,25
Sun Jan 08 2012 00:00:00 GMT+0800 (CST),三重市,null,null,67,20
Wed Jan 11 2012 00:00:00 GMT+0800 (CST),台北二,null,null,138.1,35
Wed Jan 11 2012 00:00:00 GMT+0800 (CST),三重市,null,null,70,20
Fri Jan 13 2012 00:00:00 GMT+0800 (CST),台北二,null,null,107.7,55
Fri Jan 13 2012 00:00:00 GMT+0800 (CST),三重市,null,null,75,20
Sat Jan 14 2012 00:00:00 GMT+0800 (CST),台北二,null,null,95,20
Sat Jan 14 2012 00:00:00 GMT+0800 (CST),台北一,null,null,110,6
Sun Jan 15 2012 00:00:00 GMT+0800 (CST),台北二,null,null,97.5,40
Sun Jan 15 2012 00:00:00 GMT+0800 (CST),三重市,null,null,45,12
Tue Jan 17 2012 00:00:00 GMT+0800 (CST),台北二,null,null,134.7,76
Wed Jan 18 2012 00:00:00 GMT+0800 (CST),台北二,null,null,118.5,64
Wed Jan 18 2012 00:00:00 GMT+0800 (CST),三重市,null,null,60,20
Thu Jan 19 2012 00:00:00 GMT+0800 (CST),台北二,null,null,90,20
Fri Jan 20 2012 00:00:00 GMT+0800 (CST),台北二,null,null,90,20
Sat Jan 21 2012 00:00:00 GMT+0800 (CST),台北二,null,null,151.1,76
Sat Jan 21 2012 00:00:00 GMT+0800 (CST),台北一,null,null,110,6
Sat Jan 21 2012 00:00:00 GMT+0800 (CST),三重市,null,null,65,20
Sat Jan 28 2012 00:00:00 GMT+0800 (CST),台北二,null,null,95.6,52
Sat Jan 28 2012 00:00:00 GMT+0800 (CST),三重市,null,null,75,20
Sun Jan 29 2012 00:00:00 GMT+0800 (CST),台北二,null,null,86.2,52
Sun Jan 29 2012 00:00:00 GMT+0800 (CST),三重市,null,null,60,20
Mon Jan 30 2012 00:00:00 GMT+0800 (CST),台北二,null,null,70,40
Tue Jan 01 2013 00:00:00 GMT+0800 (CST),台北二,null,null,150,5
Tue Jan 01 2013 00:00:00 GMT+0800 (CST),台北一,null,null,60,17
Thu Jan 03 2013 00:00:00 GMT+0800 (CST),台北二,null,null,55,30
Fri Jan 04 2013 00:00:00 GMT+0800 (CST),台北二,null,null,180,5
Sat Jan 05 2013 00:00:00 GMT+0800 (CST),高雄市,null,null,200,30
Sun Jan 06 2013 00:00:00 GMT+0800 (CST),台北二,null,null,180,5
Sun Jan 06 2013 00:00:00 GMT+0800 (CST),台北一,null,null,130,7
Tue Jan 08 2013 00:00:00 GMT+0800 (CST),台北二,null,null,55,30
Tue Jan 08 2013 00:00:00 GMT+0800 (CST),台北一,null,null,90,15
Wed Jan 09 2013 00:00:00 GMT+0800 (CST),台北二,null,null,82.8,30
Wed Jan 09 2013 00:00:00 GMT+0800 (CST),高雄市,null,null,200,30
Thu Jan 10 2013 00:00:00 GMT+0800 (CST),台北二,null,null,55,20
Fri Jan 11 2013 00:00:00 GMT+0800 (CST),台北一,null,null,100,11
Sat Jan 12 2013 00:00:00 GMT+0800 (CST),台北二,null,null,180,15
Sun Jan 13 2013 00:00:00 GMT+0800 (CST),台北二,null,null,55,10
Tue Jan 15 2013 00:00:00 GMT+0800 (CST),台北二,null,null,180,10
Wed Jan 16 2013 00:00:00 GMT+0800 (CST),台北二,null,null,61.4,13
Fri Jan 18 2013 00:00:00 GMT+0800 (CST),台北二,null,null,180,3
Sat Jan 19 2013 00:00:00 GMT+0800 (CST),台北二,null,null,55,20
Sun Jan 20 2013 00:00:00 GMT+0800 (CST),台北二,null,null,55,10
Tue Jan 22 2013 00:00:00 GMT+0800 (CST),台北二,null,null,150,5
Wed Jan 23 2013 00:00:00 GMT+0800 (CST),台北二,null,null,55,20
Thu Jan 24 2013 00:00:00 GMT+0800 (CST),台北二,null,null,181.4,14
Fri Jan 25 2013 00:00:00 GMT+0800 (CST),台北二,null,null,190,8
Sat Jan 26 2013 00:00:00 GMT+0800 (CST),台北二,null,null,109.8,68
Sat Jan 26 2013 00:00:00 GMT+0800 (CST),台北一,null,null,130,20
Sun Jan 27 2013 00:00:00 GMT+0800 (CST),台北二,null,null,162.5,24
Sun Jan 27 2013 00:00:00 GMT+0800 (CST),台北一,null,null,80,12
Wed Jan 30 2013 00:00:00 GMT+0800 (CST),台北二,null,null,190,10
Thu Jan 31 2013 00:00:00 GMT+0800 (CST),台北二,null,null,110,50
Thu Jan 31 2013 00:00:00 GMT+0800 (CST),台北一,null,null,100,20
Sun Jul 01 2007 00:00:00 GMT+0800 (CST),高雄市,null,null,170,30
Tue Jul 03 2007 00:00:00 GMT+0800 (CST),高雄市,null,null,170,40
Wed Jul 04 2007 00:00:00 GMT+0800 (CST),高雄市,null,null,170,20
Thu Jul 05 2007 00:00:00 GMT+0800 (CST),高雄市,null,null,170,30
Fri Jul 06 2007 00:00:00 GMT+0800 (CST),高雄市,null,null,170,40
Sat Jul 07 2007 00:00:00 GMT+0800 (CST),高雄市,null,null,170,20
Sun Jul 08 2007 00:00:00 GMT+0800 (CST),高雄市,null,null,170,20
Tue Jul 10 2007 00:00:00 GMT+0800 (CST),高雄市,null,null,170,20
Wed Jul 11 2007 00:00:00 GMT+0800 (CST),高雄市,null,null,170,20
Thu Jul 12 2007 00:00:00 GMT+0800 (CST),高雄市,null,null,170,20
Fri Jul 13 2007 00:00:00 GMT+0800 (CST),高雄市,null,null,170,50
Sat Jul 14 2007 00:00:00 GMT+0800 (CST),高雄市,null,null,170,20
Sun Jul 15 2007 00:00:00 GMT+0800 (CST),高雄市,null,null,170,20
Wed Jul 18 2007 00:00:00 GMT+0800 (CST),高雄市,null,null,170,20
Fri Jul 20 2007 00:00:00 GMT+0800 (CST),高雄市,null,null,170,30
Sun Jul 22 2007 00:00:00 GMT+0800 (CST),高雄市,null,null,170,50
Tue Jul 24 2007 00:00:00 GMT+0800 (CST),高雄市,null,null,170,50
Wed Jul 25 2007 00:00:00 GMT+0800 (CST),高雄市,null,null,170,20
Thu Jul 26 2007 00:00:00 GMT+0800 (CST),高雄市,null,null,170,20
Fri Jul 27 2007 00:00:00 GMT+0800 (CST),高雄市,null,null,170,50
Sat Jul 28 2007 00:00:00 GMT+0800 (CST),高雄市,null,null,170,20
Sun Jul 29 2007 00:00:00 GMT+0800 (CST),高雄市,null,null,170,20
Tue Jul 31 2007 00:00:00 GMT+0800 (CST),高雄市,null,null,170,20
Fri Jul 16 2010 00:00:00 GMT+0800 (CST),台北一,null,null,80,16
Sun Jul 18 2010 00:00:00 GMT+0800 (CST),台北一,null,null,60,16
Tue Jul 20 2010 00:00:00 GMT+0800 (CST),台北一,null,null,35,15
Wed Jul 21 2010 00:00:00 GMT+0800 (CST),台北一,null,null,25,17
Sat Jul 24 2010 00:00:00 GMT+0800 (CST),高雄市,null,null,180,20
Sat Jul 31 2010 00:00:00 GMT+0800 (CST),台北二,null,null,40,12
Sat Jul 31 2010 00:00:00 GMT+0800 (CST),台北一,null,null,10,13
Sat Jul 31 2010 00:00:00 GMT+0800 (CST),三重市,null,null,35,14
Thu Jul 12 2012 00:00:00 GMT+0800 (CST),高雄市,null,null,200,40
Thu Jul 19 2012 00:00:00 GMT+0800 (CST),高雄市,null,null,200,40
Thu Jul 26 2012 00:00:00 GMT+0800 (CST),高雄市,null,null,200,40
Sat Jul 28 2012 00:00:00 GMT+0800 (CST),高雄市,null,null,200,20
Tue Jul 02 2013 00:00:00 GMT+0800 (CST),台北一,null,null,127,18
Tue Jul 02 2013 00:00:00 GMT+0800 (CST),高雄市,null,null,200,70
Wed Jul 03 2013 00:00:00 GMT+0800 (CST),台北一,null,null,90,18
Wed Jul 03 2013 00:00:00 GMT+0800 (CST),高雄市,null,null,200,50
Sun Jul 07 2013 00:00:00 GMT+0800 (CST),台北一,null,null,120,12
Tue Jul 09 2013 00:00:00 GMT+0800 (CST),台北一,null,null,120,18
Tue Jul 09 2013 00:00:00 GMT+0800 (CST),高雄市,null,null,200,50
Wed Jul 10 2013 00:00:00 GMT+0800 (CST),台北一,null,null,90,12
Thu Jul 11 2013 00:00:00 GMT+0800 (CST),台北一,null,null,100,18
Fri Jul 12 2013 00:00:00 GMT+0800 (CST),台北一,null,null,105,18
Sat Jul 13 2013 00:00:00 GMT+0800 (CST),高雄市,null,null,180,50
Sun Jul 14 2013 00:00:00 GMT+0800 (CST),台北一,null,null,130,18
Tue Jul 16 2013 00:00:00 GMT+0800 (CST),台北一,null,null,122.8,18
Wed Jul 17 2013 00:00:00 GMT+0800 (CST),台北一,null,null,100,18
Thu Jul 18 2013 00:00:00 GMT+0800 (CST),台北一,null,null,97.8,18
Fri Jul 19 2013 00:00:00 GMT+0800 (CST),台北一,null,null,95,18
Sat Jul 20 2013 00:00:00 GMT+0800 (CST),台北一,null,null,100,18
Sun Jul 21 2013 00:00:00 GMT+0800 (CST),台北一,null,null,90,18
Tue Jul 23 2013 00:00:00 GMT+0800 (CST),台北一,null,null,80,18
Wed Jul 24 2013 00:00:00 GMT+0800 (CST),台北一,null,null,80,18
Wed Jul 24 2013 00:00:00 GMT+0800 (CST),高雄市,null,null,200,50
Thu Jul 25 2013 00:00:00 GMT+0800 (CST),台北一,null,null,90,18
Sat Jul 27 2013 00:00:00 GMT+0800 (CST),台北一,null,null,96,24
Sun Jul 28 2013 00:00:00 GMT+0800 (CST),台北一,null,null,96,12
Tue Jul 30 2013 00:00:00 GMT+0800 (CST),台北一,null,null,90,18
Wed Jul 31 2013 00:00:00 GMT+0800 (CST),台北一,null,null,95,18
Fri Jun 01 2007 00:00:00 GMT+0800 (CST),高雄市,null,null,170,30
Sat Jun 02 2007 00:00:00 GMT+0800 (CST),高雄市,null,null,170,30
Sun Jun 03 2007 00:00:00 GMT+0800 (CST),高雄市,null,null,170,30
Tue Jun 05 2007 00:00:00 GMT+0800 (CST),高雄市,null,null,170,50
Wed Jun 06 2007 00:00:00 GMT+0800 (CST),高雄市,null,null,170,20
Thu Jun 07 2007 00:00:00 GMT+0800 (CST),高雄市,null,null,170,30
Fri Jun 08 2007 00:00:00 GMT+0800 (CST),高雄市,null,null,170,30
Sat Jun 09 2007 00:00:00 GMT+0800 (CST),高雄市,null,null,170,30
Sun Jun 10 2007 00:00:00 GMT+0800 (CST),高雄市,null,null,170,20
Tue Jun 12 2007 00:00:00 GMT+0800 (CST),高雄市,null,null,170,20
Wed Jun 13 2007 00:00:00 GMT+0800 (CST),高雄市,null,null,170,20
Thu Jun 14 2007 00:00:00 GMT+0800 (CST),高雄市,null,null,175,20
Fri Jun 15 2007 00:00:00 GMT+0800 (CST),高雄市,null,null,170,20
Sat Jun 16 2007 00:00:00 GMT+0800 (CST),高雄市,null,null,170,20
Sun Jun 17 2007 00:00:00 GMT+0800 (CST),高雄市,null,null,170,40
Mon Jun 18 2007 00:00:00 GMT+0800 (CST),高雄市,null,null,170,20
Tue Jun 19 2007 00:00:00 GMT+0800 (CST),高雄市,null,null,170,20
Fri Jun 22 2007 00:00:00 GMT+0800 (CST),高雄市,null,null,170,20
Sat Jun 23 2007 00:00:00 GMT+0800 (CST),高雄市,null,null,170,20
Sun Jun 24 2007 00:00:00 GMT+0800 (CST),高雄市,null,null,170,30
Tue Jun 26 2007 00:00:00 GMT+0800 (CST),高雄市,null,null,170,20
Wed Jun 27 2007 00:00:00 GMT+0800 (CST),高雄市,null,null,170,20
Thu Jun 28 2007 00:00:00 GMT+0800 (CST),高雄市,null,null,170,20
Fri Jun 29 2007 00:00:00 GMT+0800 (CST),高雄市,null,null,170,40
Sat Jun 30 2007 00:00:00 GMT+0800 (CST),高雄市,null,null,170,30
Fri Jun 27 2008 00:00:00 GMT+0800 (CST),高雄市,null,null,170,20
Sun Jun 29 2008 00:00:00 GMT+0800 (CST),高雄市,null,null,180,100
Sun Jun 14 2009 00:00:00 GMT+0800 (CST),台北一,null,null,20,11
Thu Jun 03 2010 00:00:00 GMT+0800 (CST),高雄市,null,null,180,20
Sun Jun 05 2011 00:00:00 GMT+0800 (CST),台北二,null,null,80,20
Thu Jun 09 2011 00:00:00 GMT+0800 (CST),台北二,null,null,42,14
Fri Jun 17 2011 00:00:00 GMT+0800 (CST),台北二,null,null,35,8
Fri Jun 01 2012 00:00:00 GMT+0800 (CST),桃園縣,null,null,20,18
Wed Jun 06 2012 00:00:00 GMT+0800 (CST),高雄市,null,null,200,40
Sat Jun 09 2012 00:00:00 GMT+0800 (CST),高雄市,null,null,200,30
Thu Jun 28 2012 00:00:00 GMT+0800 (CST),高雄市,null,null,200,20
Sat Jun 30 2012 00:00:00 GMT+0800 (CST),高雄市,null,null,200,20
Sun Jun 02 2013 00:00:00 GMT+0800 (CST),台北二,null,null,60,20
Sun Jun 02 2013 00:00:00 GMT+0800 (CST),台北一,null,null,29.6,54
Tue Jun 04 2013 00:00:00 GMT+0800 (CST),高雄市,null,null,200,30
Wed Jun 05 2013 00:00:00 GMT+0800 (CST),台北二,null,null,31.9,38
Wed Jun 05 2013 00:00:00 GMT+0800 (CST),台北一,null,null,45,20
Wed Jun 05 2013 00:00:00 GMT+0800 (CST),高雄市,null,null,180,30
Thu Jun 06 2013 00:00:00 GMT+0800 (CST),高雄市,null,null,180,30
Fri Jun 07 2013 00:00:00 GMT+0800 (CST),高雄市,null,null,200,30
Sat Jun 08 2013 00:00:00 GMT+0800 (CST),台北二,null,null,45,20
Sat Jun 08 2013 00:00:00 GMT+0800 (CST),台北一,null,null,25,20
Sat Jun 08 2013 00:00:00 GMT+0800 (CST),高雄市,null,null,180,50
Sun Jun 09 2013 00:00:00 GMT+0800 (CST),台北二,null,null,30,11
Sun Jun 09 2013 00:00:00 GMT+0800 (CST),高雄市,null,null,200,20
Wed Jun 12 2013 00:00:00 GMT+0800 (CST),台北二,null,null,30,16
Wed Jun 12 2013 00:00:00 GMT+0800 (CST),台北一,null,null,120,12
Sat Jun 15 2013 00:00:00 GMT+0800 (CST),台北一,null,null,100,17
Sat Jun 15 2013 00:00:00 GMT+0800 (CST),高雄市,null,null,200,30
Sun Jun 16 2013 00:00:00 GMT+0800 (CST),台北一,null,null,95,18
Tue Jun 18 2013 00:00:00 GMT+0800 (CST),台北一,null,null,80,36
Wed Jun 19 2013 00:00:00 GMT+0800 (CST),台北一,null,null,72,36
Wed Jun 19 2013 00:00:00 GMT+0800 (CST),高雄市,null,null,180,50
Thu Jun 20 2013 00:00:00 GMT+0800 (CST),台北一,null,null,50,36
Fri Jun 21 2013 00:00:00 GMT+0800 (CST),台北一,null,null,70,36
Sat Jun 22 2013 00:00:00 GMT+0800 (CST),台北一,null,null,95,18
Sat Jun 22 2013 00:00:00 GMT+0800 (CST),高雄市,null,null,200,50
Sun Jun 23 2013 00:00:00 GMT+0800 (CST),台北一,null,null,101,24
Tue Jun 25 2013 00:00:00 GMT+0800 (CST),台北一,null,null,115,24
Tue Jun 25 2013 00:00:00 GMT+0800 (CST),高雄市,null,null,200,50
Wed Jun 26 2013 00:00:00 GMT+0800 (CST),台北一,null,null,93,24
Thu Jun 27 2013 00:00:00 GMT+0800 (CST),台北一,null,null,90,30
Thu Jun 27 2013 00:00:00 GMT+0800 (CST),高雄市,null,null,180,50
Fri Jun 28 2013 00:00:00 GMT+0800 (CST),台北一,null,null,70,30
Fri Jun 28 2013 00:00:00 GMT+0800 (CST),高雄市,null,null,200,30
Sat Jun 29 2013 00:00:00 GMT+0800 (CST),台北一,null,null,102,18
Sat Jun 29 2013 00:00:00 GMT+0800 (CST),高雄市,null,null,180,40
Sun Jun 30 2013 00:00:00 GMT+0800 (CST),台北一,null,null,80,18
Wed Mar 01 2006 00:00:00 GMT+0800 (CST),高雄市,null,null,120,40
Fri Mar 03 2006 00:00:00 GMT+0800 (CST),高雄市,null,null,120,20
Sat Mar 04 2006 00:00:00 GMT+0800 (CST),高雄市,null,null,120,10
Sun Mar 05 2006 00:00:00 GMT+0800 (CST),高雄市,null,null,143.3,30
Tue Mar 07 2006 00:00:00 GMT+0800 (CST),高雄市,null,null,120,10
Wed Mar 08 2006 00:00:00 GMT+0800 (CST),高雄市,null,null,120,20
Thu Mar 09 2006 00:00:00 GMT+0800 (CST),高雄市,null,null,120,40
Sat Mar 11 2006 00:00:00 GMT+0800 (CST),高雄市,null,null,120,20
Sun Mar 12 2006 00:00:00 GMT+0800 (CST),高雄市,null,null,120,40
Tue Mar 14 2006 00:00:00 GMT+0800 (CST),高雄市,null,null,122.2,30
Thu Mar 01 2007 00:00:00 GMT+0800 (CST),高雄市,null,null,172.5,40
Fri Mar 02 2007 00:00:00 GMT+0800 (CST),高雄市,null,null,170,40
Sat Mar 03 2007 00:00:00 GMT+0800 (CST),高雄市,null,null,170,20
Sun Mar 04 2007 00:00:00 GMT+0800 (CST),高雄市,null,null,170,20
Wed Mar 07 2007 00:00:00 GMT+0800 (CST),高雄市,null,null,171.7,50
Thu Mar 08 2007 00:00:00 GMT+0800 (CST),高雄市,null,null,170,20
Fri Mar 09 2007 00:00:00 GMT+0800 (CST),高雄市,null,null,180,40
Sat Mar 10 2007 00:00:00 GMT+0800 (CST),高雄市,null,null,170,40
Sun Mar 11 2007 00:00:00 GMT+0800 (CST),高雄市,null,null,170,20
Tue Mar 13 2007 00:00:00 GMT+0800 (CST),高雄市,null,null,175,20
Wed Mar 14 2007 00:00:00 GMT+0800 (CST),高雄市,null,null,175,20
Thu Mar 15 2007 00:00:00 GMT+0800 (CST),高雄市,null,null,175,20
Fri Mar 16 2007 00:00:00 GMT+0800 (CST),高雄市,null,null,170,20
Sat Mar 17 2007 00:00:00 GMT+0800 (CST),高雄市,null,null,172.5,40
Sun Mar 18 2007 00:00:00 GMT+0800 (CST),高雄市,null,null,170,20
Tue Mar 20 2007 00:00:00 GMT+0800 (CST),高雄市,null,null,170,20
Wed Mar 21 2007 00:00:00 GMT+0800 (CST),高雄市,null,null,170,20
Thu Mar 22 2007 00:00:00 GMT+0800 (CST),高雄市,null,null,170,20
Fri Mar 23 2007 00:00:00 GMT+0800 (CST),高雄市,null,null,170,20
Sat Mar 24 2007 00:00:00 GMT+0800 (CST),高雄市,null,null,170,20
Sun Mar 25 2007 00:00:00 GMT+0800 (CST),高雄市,null,null,170,20
Tue Mar 27 2007 00:00:00 GMT+0800 (CST),高雄市,null,null,170,20
Wed Mar 28 2007 00:00:00 GMT+0800 (CST),高雄市,null,null,172.5,40
Thu Mar 29 2007 00:00:00 GMT+0800 (CST),高雄市,null,null,172.5,40
Fri Mar 30 2007 00:00:00 GMT+0800 (CST),高雄市,null,null,170,20
Sat Mar 31 2007 00:00:00 GMT+0800 (CST),高雄市,null,null,170,20
Sun Mar 02 2008 00:00:00 GMT+0800 (CST),台北二,null,null,160,8
Tue Mar 04 2008 00:00:00 GMT+0800 (CST),台北二,null,null,160,8
Sun Mar 09 2008 00:00:00 GMT+0800 (CST),高雄市,null,null,180,20
Tue Mar 11 2008 00:00:00 GMT+0800 (CST),台北二,null,null,160,7
Tue Mar 18 2008 00:00:00 GMT+0800 (CST),台北二,null,null,160,7
Tue Mar 25 2008 00:00:00 GMT+0800 (CST),台北二,null,null,160,7
Sun Mar 30 2008 00:00:00 GMT+0800 (CST),台北二,null,null,160,7
Sun Mar 01 2009 00:00:00 GMT+0800 (CST),台北一,null,null,60,12
Tue Mar 03 2009 00:00:00 GMT+0800 (CST),台北一,null,null,40.6,36
Wed Mar 04 2009 00:00:00 GMT+0800 (CST),台北二,null,null,45,15
Wed Mar 04 2009 00:00:00 GMT+0800 (CST),台北一,null,null,35,39
Thu Mar 05 2009 00:00:00 GMT+0800 (CST),台北一,null,null,20,15
Fri Mar 06 2009 00:00:00 GMT+0800 (CST),台北一,null,null,35,26
Sat Mar 07 2009 00:00:00 GMT+0800 (CST),台北二,null,null,30,15
Sat Mar 07 2009 00:00:00 GMT+0800 (CST),台北一,null,null,33.6,60
Sun Mar 08 2009 00:00:00 GMT+0800 (CST),台北二,null,null,45,15
Sun Mar 08 2009 00:00:00 GMT+0800 (CST),台北一,null,null,30,56
Tue Mar 10 2009 00:00:00 GMT+0800 (CST),台北二,null,null,40,13
Tue Mar 10 2009 00:00:00 GMT+0800 (CST),台北一,null,null,49,24
Wed Mar 11 2009 00:00:00 GMT+0800 (CST),台北二,null,null,35,14
Wed Mar 11 2009 00:00:00 GMT+0800 (CST),台北一,null,null,35,24
Thu Mar 12 2009 00:00:00 GMT+0800 (CST),台北二,null,null,64.6,37
Thu Mar 12 2009 00:00:00 GMT+0800 (CST),台北一,null,null,35,11
Fri Mar 13 2009 00:00:00 GMT+0800 (CST),台北一,null,null,67.4,40
Sat Mar 14 2009 00:00:00 GMT+0800 (CST),台北二,null,null,35,15
Sat Mar 14 2009 00:00:00 GMT+0800 (CST),台北一,null,null,40.6,48
Sun Mar 15 2009 00:00:00 GMT+0800 (CST),台北二,null,null,60,30
Sun Mar 15 2009 00:00:00 GMT+0800 (CST),台北一,null,null,52.5,50
Tue Mar 17 2009 00:00:00 GMT+0800 (CST),台北一,null,null,47.3,28
Wed Mar 18 2009 00:00:00 GMT+0800 (CST),台北一,null,null,60,25
Thu Mar 19 2009 00:00:00 GMT+0800 (CST),台北一,null,null,44.2,71
Fri Mar 20 2009 00:00:00 GMT+0800 (CST),台北一,null,null,52.9,34
Sat Mar 21 2009 00:00:00 GMT+0800 (CST),台北一,null,null,53.8,29
Sun Mar 22 2009 00:00:00 GMT+0800 (CST),台北二,null,null,35,15
Sun Mar 22 2009 00:00:00 GMT+0800 (CST),台北一,null,null,67,13
Tue Mar 24 2009 00:00:00 GMT+0800 (CST),台北二,null,null,47.2,45
Tue Mar 24 2009 00:00:00 GMT+0800 (CST),台北一,null,null,42.6,63
Wed Mar 25 2009 00:00:00 GMT+0800 (CST),台北二,null,null,50,45
Wed Mar 25 2009 00:00:00 GMT+0800 (CST),台北一,null,null,40.4,48
Thu Mar 26 2009 00:00:00 GMT+0800 (CST),台北一,null,null,37,59
Fri Mar 27 2009 00:00:00 GMT+0800 (CST),台北一,null,null,37.9,64
Sat Mar 28 2009 00:00:00 GMT+0800 (CST),台北一,null,null,44.4,49
Sun Mar 29 2009 00:00:00 GMT+0800 (CST),台北一,null,null,37.3,52
Tue Mar 31 2009 00:00:00 GMT+0800 (CST),台北二,null,null,32,47
Tue Mar 31 2009 00:00:00 GMT+0800 (CST),台北一,null,null,38.8,74
Wed Mar 03 2010 00:00:00 GMT+0800 (CST),台北二,null,null,150,24
Sat Mar 06 2010 00:00:00 GMT+0800 (CST),台北二,null,null,150,6
Tue Mar 09 2010 00:00:00 GMT+0800 (CST),台北二,null,null,150,12
Thu Mar 11 2010 00:00:00 GMT+0800 (CST),台北二,null,null,150,12
Sun Mar 21 2010 00:00:00 GMT+0800 (CST),台北一,null,null,120,12
Tue Mar 23 2010 00:00:00 GMT+0800 (CST),台北二,null,null,93,12
Wed Mar 24 2010 00:00:00 GMT+0800 (CST),台北二,null,null,68,24
Wed Mar 24 2010 00:00:00 GMT+0800 (CST),台北一,null,null,50,12
Thu Mar 25 2010 00:00:00 GMT+0800 (CST),台北二,null,null,130,36
Fri Mar 26 2010 00:00:00 GMT+0800 (CST),台北二,null,null,150,12
Fri Mar 26 2010 00:00:00 GMT+0800 (CST),台北一,null,null,61,48
Sat Mar 27 2010 00:00:00 GMT+0800 (CST),台北二,null,null,36.7,30
Sun Mar 28 2010 00:00:00 GMT+0800 (CST),台北二,null,null,80,12
Sun Mar 28 2010 00:00:00 GMT+0800 (CST),三重市,null,null,40,14
Tue Mar 30 2010 00:00:00 GMT+0800 (CST),台北二,null,null,80,12
Wed Mar 31 2010 00:00:00 GMT+0800 (CST),台北二,null,null,82,12
Tue Mar 01 2011 00:00:00 GMT+0800 (CST),台北二,null,null,70,48
Tue Mar 01 2011 00:00:00 GMT+0800 (CST),台北一,null,null,60,48
Wed Mar 02 2011 00:00:00 GMT+0800 (CST),台北二,null,null,70,36
Wed Mar 02 2011 00:00:00 GMT+0800 (CST),台北一,null,null,63,36
Thu Mar 03 2011 00:00:00 GMT+0800 (CST),台北一,null,null,60,24
Sun Mar 06 2011 00:00:00 GMT+0800 (CST),台北二,null,null,100,24
Tue Mar 08 2011 00:00:00 GMT+0800 (CST),台北二,null,null,82.3,64
Tue Mar 08 2011 00:00:00 GMT+0800 (CST),三重市,null,null,55,20
Wed Mar 09 2011 00:00:00 GMT+0800 (CST),台北二,null,null,75,40
Wed Mar 09 2011 00:00:00 GMT+0800 (CST),台北一,null,null,50,10
Wed Mar 09 2011 00:00:00 GMT+0800 (CST),三重市,null,null,67,20
Thu Mar 17 2011 00:00:00 GMT+0800 (CST),台北二,null,null,120,12
Sat Mar 19 2011 00:00:00 GMT+0800 (CST),台北二,null,null,120,24
Sun Mar 20 2011 00:00:00 GMT+0800 (CST),台北二,null,null,120,48
Tue Mar 22 2011 00:00:00 GMT+0800 (CST),台北二,null,null,100,12
Thu Mar 24 2011 00:00:00 GMT+0800 (CST),台北二,null,null,100,24
Wed Mar 30 2011 00:00:00 GMT+0800 (CST),台北二,null,null,100,24
Thu Mar 31 2011 00:00:00 GMT+0800 (CST),台北二,null,null,100,24
Thu Mar 01 2012 00:00:00 GMT+0800 (CST),台北一,null,null,70,25
Thu Mar 01 2012 00:00:00 GMT+0800 (CST),三重市,null,null,45,20
Fri Mar 02 2012 00:00:00 GMT+0800 (CST),台北二,null,null,150,24
Fri Mar 02 2012 00:00:00 GMT+0800 (CST),三重市,null,null,40,20
Fri Mar 02 2012 00:00:00 GMT+0800 (CST),高雄市,null,null,200,40
Sat Mar 03 2012 00:00:00 GMT+0800 (CST),台北二,null,null,80,60
Sat Mar 03 2012 00:00:00 GMT+0800 (CST),高雄市,null,null,200,40
Sun Mar 04 2012 00:00:00 GMT+0800 (CST),台北二,null,null,86.7,52
Sun Mar 04 2012 00:00:00 GMT+0800 (CST),台北一,null,null,100,12
Sun Mar 04 2012 00:00:00 GMT+0800 (CST),三重市,null,null,63.7,32
Sun Mar 04 2012 00:00:00 GMT+0800 (CST),高雄市,null,null,220,30
Tue Mar 06 2012 00:00:00 GMT+0800 (CST),台北二,null,null,90,40
Tue Mar 06 2012 00:00:00 GMT+0800 (CST),三重市,null,null,60,20
Tue Mar 06 2012 00:00:00 GMT+0800 (CST),高雄市,null,null,200,40
Wed Mar 07 2012 00:00:00 GMT+0800 (CST),三重市,null,null,45,20
Wed Mar 07 2012 00:00:00 GMT+0800 (CST),高雄市,null,null,200,30
Thu Mar 08 2012 00:00:00 GMT+0800 (CST),三重市,null,null,45,20
Fri Mar 09 2012 00:00:00 GMT+0800 (CST),高雄市,null,null,200,50
Sat Mar 10 2012 00:00:00 GMT+0800 (CST),台北一,null,null,150,6
Sat Mar 10 2012 00:00:00 GMT+0800 (CST),三重市,null,null,50,20
Sat Mar 10 2012 00:00:00 GMT+0800 (CST),高雄市,null,null,200,30
Sun Mar 11 2012 00:00:00 GMT+0800 (CST),三重市,null,null,50,20
Sun Mar 11 2012 00:00:00 GMT+0800 (CST),高雄市,null,null,200,30
Tue Mar 13 2012 00:00:00 GMT+0800 (CST),台北二,null,null,90,20
Tue Mar 13 2012 00:00:00 GMT+0800 (CST),三重市,null,null,50,20
Wed Mar 14 2012 00:00:00 GMT+0800 (CST),三重市,null,null,65,20
Fri Mar 16 2012 00:00:00 GMT+0800 (CST),台北二,null,null,42,20
Fri Mar 16 2012 00:00:00 GMT+0800 (CST),三重市,null,null,50,20
Fri Mar 16 2012 00:00:00 GMT+0800 (CST),高雄市,null,null,200,40
Sun Mar 18 2012 00:00:00 GMT+0800 (CST),台北二,null,null,66,40
Sun Mar 18 2012 00:00:00 GMT+0800 (CST),三重市,null,null,45,20
Sun Mar 18 2012 00:00:00 GMT+0800 (CST),高雄市,null,null,200,50
Tue Mar 20 2012 00:00:00 GMT+0800 (CST),台北二,null,null,70,40
Tue Mar 20 2012 00:00:00 GMT+0800 (CST),三重市,null,null,40,20
Tue Mar 20 2012 00:00:00 GMT+0800 (CST),高雄市,null,null,200,60
Wed Mar 21 2012 00:00:00 GMT+0800 (CST),台北二,null,null,50,20
Wed Mar 21 2012 00:00:00 GMT+0800 (CST),三重市,null,null,40,20
Wed Mar 21 2012 00:00:00 GMT+0800 (CST),高雄市,null,null,200,30
Thu Mar 22 2012 00:00:00 GMT+0800 (CST),台北二,null,null,48,20
Thu Mar 22 2012 00:00:00 GMT+0800 (CST),台北一,null,null,110,1
Thu Mar 22 2012 00:00:00 GMT+0800 (CST),三重市,null,null,42,20
Sat Mar 24 2012 00:00:00 GMT+0800 (CST),台北二,null,null,70,40
Sat Mar 24 2012 00:00:00 GMT+0800 (CST),三重市,null,null,57,20
Sun Mar 25 2012 00:00:00 GMT+0800 (CST),三重市,null,null,42,20
Sun Mar 25 2012 00:00:00 GMT+0800 (CST),高雄市,null,null,200,20
Tue Mar 27 2012 00:00:00 GMT+0800 (CST),台北二,null,null,75,40
Wed Mar 28 2012 00:00:00 GMT+0800 (CST),三重市,null,null,40,20
Wed Mar 28 2012 00:00:00 GMT+0800 (CST),高雄市,null,null,200,20
Fri Mar 30 2012 00:00:00 GMT+0800 (CST),台北二,null,null,65,20
Fri Mar 30 2012 00:00:00 GMT+0800 (CST),高雄市,null,null,200,20
Sat Mar 31 2012 00:00:00 GMT+0800 (CST),高雄市,null,null,200,10
Fri Mar 01 2013 00:00:00 GMT+0800 (CST),台北二,null,null,78,40
Fri Mar 01 2013 00:00:00 GMT+0800 (CST),台北一,null,null,70,20
Sat Mar 02 2013 00:00:00 GMT+0800 (CST),台北二,null,null,55,20
Sun Mar 03 2013 00:00:00 GMT+0800 (CST),台北二,null,null,91.5,16
Sun Mar 03 2013 00:00:00 GMT+0800 (CST),台北一,null,null,80,20
Tue Mar 05 2013 00:00:00 GMT+0800 (CST),台北二,null,null,91.5,16
Tue Mar 05 2013 00:00:00 GMT+0800 (CST),台北一,null,null,75,20
Wed Mar 06 2013 00:00:00 GMT+0800 (CST),台北二,null,null,55,15
Thu Mar 07 2013 00:00:00 GMT+0800 (CST),台北二,null,null,81.4,55
Thu Mar 07 2013 00:00:00 GMT+0800 (CST),台北一,null,null,90,40
Thu Mar 07 2013 00:00:00 GMT+0800 (CST),三重市,null,null,30,20
Thu Mar 07 2013 00:00:00 GMT+0800 (CST),高雄市,null,null,200,30
Fri Mar 08 2013 00:00:00 GMT+0800 (CST),三重市,null,null,30,20
Sat Mar 09 2013 00:00:00 GMT+0800 (CST),台北二,null,null,82.7,16
Sun Mar 10 2013 00:00:00 GMT+0800 (CST),台北二,null,null,166.3,9
Sun Mar 10 2013 00:00:00 GMT+0800 (CST),台北一,null,null,90,20
Tue Mar 12 2013 00:00:00 GMT+0800 (CST),台北二,null,null,55,10
Thu Mar 14 2013 00:00:00 GMT+0800 (CST),台北一,null,null,52,14
Fri Mar 15 2013 00:00:00 GMT+0800 (CST),台北二,null,null,190,8
Sat Mar 16 2013 00:00:00 GMT+0800 (CST),台北二,null,null,200,2
Tue Mar 19 2013 00:00:00 GMT+0800 (CST),台北二,null,null,38,10
Tue Mar 19 2013 00:00:00 GMT+0800 (CST),台北一,null,null,70,12
Wed Mar 20 2013 00:00:00 GMT+0800 (CST),台北二,null,null,55,20
Thu Mar 21 2013 00:00:00 GMT+0800 (CST),台北二,null,null,55,22
Fri Mar 22 2013 00:00:00 GMT+0800 (CST),台北二,null,null,55,20
Fri Mar 22 2013 00:00:00 GMT+0800 (CST),台北一,null,null,80,36
Sat Mar 23 2013 00:00:00 GMT+0800 (CST),台北二,null,null,190,5
Sun Mar 24 2013 00:00:00 GMT+0800 (CST),台北二,null,null,90,45
Sun Mar 24 2013 00:00:00 GMT+0800 (CST),台北一,null,null,90,40
Sun Mar 24 2013 00:00:00 GMT+0800 (CST),三重市,null,null,30,20
Tue Mar 26 2013 00:00:00 GMT+0800 (CST),台北二,null,null,95,40
Tue Mar 26 2013 00:00:00 GMT+0800 (CST),台北一,null,null,100,40
Tue Mar 26 2013 00:00:00 GMT+0800 (CST),三重市,null,null,30,40
Wed Mar 27 2013 00:00:00 GMT+0800 (CST),台北二,null,null,84.2,44
Wed Mar 27 2013 00:00:00 GMT+0800 (CST),台北一,null,null,75,20
Wed Mar 27 2013 00:00:00 GMT+0800 (CST),高雄市,null,null,200,20
Thu Mar 28 2013 00:00:00 GMT+0800 (CST),台北二,null,null,55,10
Thu Mar 28 2013 00:00:00 GMT+0800 (CST),台北一,null,null,75,18
Fri Mar 29 2013 00:00:00 GMT+0800 (CST),高雄市,null,null,180,30
Sat Mar 30 2013 00:00:00 GMT+0800 (CST),台北一,null,null,55,40
Sat Mar 30 2013 00:00:00 GMT+0800 (CST),高雄市,null,null,180,30
Sun Mar 31 2013 00:00:00 GMT+0800 (CST),台北二,null,null,55,15
Sun Mar 31 2013 00:00:00 GMT+0800 (CST),台北一,null,null,70,10
Sun Mar 31 2013 00:00:00 GMT+0800 (CST),高雄市,null,null,180,30
Tue May 01 2007 00:00:00 GMT+0800 (CST),高雄市,null,null,175,20
Wed May 02 2007 00:00:00 GMT+0800 (CST),高雄市,null,null,170,20
Thu May 03 2007 00:00:00 GMT+0800 (CST),高雄市,null,null,170,40
Fri May 04 2007 00:00:00 GMT+0800 (CST),高雄市,null,null,170,20
Sat May 05 2007 00:00:00 GMT+0800 (CST),高雄市,null,null,170,20
Sun May 06 2007 00:00:00 GMT+0800 (CST),高雄市,null,null,172.5,40
Tue May 08 2007 00:00:00 GMT+0800 (CST),高雄市,null,null,170,30
Wed May 09 2007 00:00:00 GMT+0800 (CST),高雄市,null,null,175,20
Thu May 10 2007 00:00:00 GMT+0800 (CST),高雄市,null,null,175,50
Fri May 11 2007 00:00:00 GMT+0800 (CST),高雄市,null,null,170,20
Sat May 12 2007 00:00:00 GMT+0800 (CST),高雄市,null,null,175,20
Sun May 13 2007 00:00:00 GMT+0800 (CST),高雄市,null,null,170,20
Tue May 15 2007 00:00:00 GMT+0800 (CST),高雄市,null,null,170,20
Wed May 16 2007 00:00:00 GMT+0800 (CST),高雄市,null,null,170,20
Thu May 17 2007 00:00:00 GMT+0800 (CST),高雄市,null,null,170,20
Fri May 18 2007 00:00:00 GMT+0800 (CST),高雄市,null,null,170,20
Sat May 19 2007 00:00:00 GMT+0800 (CST),高雄市,null,null,170,30
Sun May 20 2007 00:00:00 GMT+0800 (CST),高雄市,null,null,170,20
Tue May 22 2007 00:00:00 GMT+0800 (CST),高雄市,null,null,170,20
Wed May 23 2007 00:00:00 GMT+0800 (CST),高雄市,null,null,170,50
Thu May 24 2007 00:00:00 GMT+0800 (CST),高雄市,null,null,170,40
Sat May 26 2007 00:00:00 GMT+0800 (CST),高雄市,null,null,170,30
Sun May 27 2007 00:00:00 GMT+0800 (CST),高雄市,null,null,155,40
Tue May 29 2007 00:00:00 GMT+0800 (CST),高雄市,null,null,170,20
Wed May 30 2007 00:00:00 GMT+0800 (CST),高雄市,null,null,170,20
Thu May 31 2007 00:00:00 GMT+0800 (CST),高雄市,null,null,170,30
Thu May 07 2009 00:00:00 GMT+0800 (CST),台北一,null,null,30,13
Sat May 09 2009 00:00:00 GMT+0800 (CST),台北一,null,null,54.7,27
Tue May 12 2009 00:00:00 GMT+0800 (CST),台北一,null,null,27.7,27
Thu May 14 2009 00:00:00 GMT+0800 (CST),台北一,null,null,25,26
Sat May 16 2009 00:00:00 GMT+0800 (CST),台北一,null,null,29.6,18
Tue May 19 2009 00:00:00 GMT+0800 (CST),台北一,null,null,20,27
Thu May 21 2009 00:00:00 GMT+0800 (CST),台北一,null,null,23,13
Sat May 23 2009 00:00:00 GMT+0800 (CST),台北一,null,null,20,14
Tue May 26 2009 00:00:00 GMT+0800 (CST),台北一,null,null,22,13
Tue May 04 2010 00:00:00 GMT+0800 (CST),台北二,null,null,150,24
Sat May 22 2010 00:00:00 GMT+0800 (CST),高雄市,null,null,180,30
Thu May 27 2010 00:00:00 GMT+0800 (CST),高雄市,null,null,180,30
Sun May 01 2011 00:00:00 GMT+0800 (CST),台北二,null,null,55,12
Wed May 04 2011 00:00:00 GMT+0800 (CST),台北二,null,null,45,12
Thu May 05 2011 00:00:00 GMT+0800 (CST),三重市,null,null,30,9
Wed May 11 2011 00:00:00 GMT+0800 (CST),台北二,null,null,50,12
Sat May 14 2011 00:00:00 GMT+0800 (CST),台北二,null,null,45,8
Tue May 01 2012 00:00:00 GMT+0800 (CST),台北一,null,null,40,20
Tue May 01 2012 00:00:00 GMT+0800 (CST),高雄市,null,null,200,20
Wed May 02 2012 00:00:00 GMT+0800 (CST),台北二,null,null,30,20
Wed May 02 2012 00:00:00 GMT+0800 (CST),高雄市,null,null,200,20
Thu May 03 2012 00:00:00 GMT+0800 (CST),高雄市,null,null,200,20
Fri May 04 2012 00:00:00 GMT+0800 (CST),台北一,null,null,35,39
Sun May 06 2012 00:00:00 GMT+0800 (CST),台北二,null,null,52,20
Wed May 09 2012 00:00:00 GMT+0800 (CST),台北二,null,null,50,20
Wed May 09 2012 00:00:00 GMT+0800 (CST),台北一,null,null,60,20
Fri May 11 2012 00:00:00 GMT+0800 (CST),台北一,null,null,40,19
Sun May 13 2012 00:00:00 GMT+0800 (CST),台北二,null,null,32,19
Wed May 30 2012 00:00:00 GMT+0800 (CST),高雄市,null,null,200,40
Wed May 01 2013 00:00:00 GMT+0800 (CST),台北一,null,null,55,20
Wed May 01 2013 00:00:00 GMT+0800 (CST),高雄市,null,null,200,30
Thu May 02 2013 00:00:00 GMT+0800 (CST),高雄市,null,null,200,20
Fri May 03 2013 00:00:00 GMT+0800 (CST),高雄市,null,null,200,40
Wed May 08 2013 00:00:00 GMT+0800 (CST),高雄市,null,null,200,20
Sat May 11 2013 00:00:00 GMT+0800 (CST),台北二,null,null,58.5,32
Sat May 11 2013 00:00:00 GMT+0800 (CST),台北一,null,null,65,20
Sun May 12 2013 00:00:00 GMT+0800 (CST),高雄市,null,null,180,25
Tue May 14 2013 00:00:00 GMT+0800 (CST),高雄市,null,null,200,40
Wed May 15 2013 00:00:00 GMT+0800 (CST),台北二,null,null,50,18
Wed May 15 2013 00:00:00 GMT+0800 (CST),台北一,null,null,49,12
Fri May 17 2013 00:00:00 GMT+0800 (CST),台北二,null,null,48.9,36
Fri May 17 2013 00:00:00 GMT+0800 (CST),台北一,null,null,45,20
Fri May 17 2013 00:00:00 GMT+0800 (CST),高雄市,null,null,200,20
Sat May 18 2013 00:00:00 GMT+0800 (CST),高雄市,null,null,180,20
Sun May 19 2013 00:00:00 GMT+0800 (CST),台北二,null,null,50,20
Sun May 19 2013 00:00:00 GMT+0800 (CST),台北一,null,null,43.9,30
Sat May 25 2013 00:00:00 GMT+0800 (CST),高雄市,null,null,200,30
Tue May 28 2013 00:00:00 GMT+0800 (CST),台北一,null,null,40,10
Thu May 30 2013 00:00:00 GMT+0800 (CST),台北二,null,null,58.3,30
Thu May 30 2013 00:00:00 GMT+0800 (CST),高雄市,null,null,200,30
Fri May 31 2013 00:00:00 GMT+0800 (CST),台北一,null,null,39.6,16
Thu Nov 16 2006 00:00:00 GMT+0800 (CST),台北二,null,null,180,5
Wed Nov 21 2007 00:00:00 GMT+0800 (CST),高雄市,null,null,170,20
Thu Nov 22 2007 00:00:00 GMT+0800 (CST),台北一,null,null,160,11
Thu Nov 29 2007 00:00:00 GMT+0800 (CST),高雄市,null,null,170,20
Fri Nov 30 2007 00:00:00 GMT+0800 (CST),高雄市,null,null,170,20
Sat Nov 08 2008 00:00:00 GMT+0800 (CST),台北一,null,null,80,30
Sun Nov 09 2008 00:00:00 GMT+0800 (CST),台北一,null,null,80,20
Wed Nov 19 2008 00:00:00 GMT+0800 (CST),台北二,null,null,80,20
Wed Nov 19 2008 00:00:00 GMT+0800 (CST),台北一,null,null,77.5,20
Fri Nov 21 2008 00:00:00 GMT+0800 (CST),台北二,null,null,80,12
Sat Nov 22 2008 00:00:00 GMT+0800 (CST),台北二,null,null,100,24
Tue Nov 25 2008 00:00:00 GMT+0800 (CST),台北一,null,null,85,36
Wed Nov 26 2008 00:00:00 GMT+0800 (CST),台北一,null,null,66.3,44
Thu Nov 27 2008 00:00:00 GMT+0800 (CST),台北一,null,null,70,55
Thu Nov 27 2008 00:00:00 GMT+0800 (CST),三重市,null,null,70,24
Fri Nov 28 2008 00:00:00 GMT+0800 (CST),台北一,null,null,75,60
Sat Nov 29 2008 00:00:00 GMT+0800 (CST),台北一,null,null,128,75
Sun Nov 30 2008 00:00:00 GMT+0800 (CST),台北二,null,null,100,14
Sun Nov 30 2008 00:00:00 GMT+0800 (CST),台北一,null,null,110,26
Sat Nov 06 2010 00:00:00 GMT+0800 (CST),台北二,null,null,150,6
Tue Nov 30 2010 00:00:00 GMT+0800 (CST),台北二,null,null,80,40
Tue Nov 30 2010 00:00:00 GMT+0800 (CST),台北一,null,null,90,40
Wed Nov 09 2011 00:00:00 GMT+0800 (CST),台北二,null,null,200,29
Thu Nov 10 2011 00:00:00 GMT+0800 (CST),台北二,null,null,200,10
Sat Nov 12 2011 00:00:00 GMT+0800 (CST),台北二,null,null,164,19
Sun Nov 13 2011 00:00:00 GMT+0800 (CST),台北二,null,null,200,7
Tue Nov 15 2011 00:00:00 GMT+0800 (CST),台北二,null,null,103.1,52
Tue Nov 15 2011 00:00:00 GMT+0800 (CST),台北一,null,null,80,40
Wed Nov 16 2011 00:00:00 GMT+0800 (CST),台北二,null,null,150,10
Thu Nov 17 2011 00:00:00 GMT+0800 (CST),台北二,null,null,150,10
Sat Nov 19 2011 00:00:00 GMT+0800 (CST),台北二,null,null,150,10
Sun Nov 20 2011 00:00:00 GMT+0800 (CST),台北二,null,null,167.7,17
Tue Nov 22 2011 00:00:00 GMT+0800 (CST),台北二,null,null,120,50
Thu Nov 24 2011 00:00:00 GMT+0800 (CST),台北二,null,null,160,10
Fri Nov 25 2011 00:00:00 GMT+0800 (CST),台北二,null,null,150,12
Sun Nov 27 2011 00:00:00 GMT+0800 (CST),台北二,null,null,160,17
Tue Nov 29 2011 00:00:00 GMT+0800 (CST),台北二,null,null,104.1,52
Tue Nov 29 2011 00:00:00 GMT+0800 (CST),台北一,null,null,90,20
Wed Nov 30 2011 00:00:00 GMT+0800 (CST),台北二,null,null,100,20
Thu Nov 01 2012 00:00:00 GMT+0800 (CST),高雄市,null,null,200,10
Sat Nov 03 2012 00:00:00 GMT+0800 (CST),台北二,null,null,105,40
Sat Nov 03 2012 00:00:00 GMT+0800 (CST),台北一,null,null,100,40
Sat Nov 10 2012 00:00:00 GMT+0800 (CST),高雄市,null,null,200,20
Thu Nov 15 2012 00:00:00 GMT+0800 (CST),高雄市,null,null,200,40
Sun Nov 18 2012 00:00:00 GMT+0800 (CST),台北一,null,null,75,40
Sun Nov 18 2012 00:00:00 GMT+0800 (CST),三重市,null,null,55,20
Wed Nov 21 2012 00:00:00 GMT+0800 (CST),台北二,null,null,100,40
Wed Nov 21 2012 00:00:00 GMT+0800 (CST),台北一,null,null,70,40
Wed Nov 21 2012 00:00:00 GMT+0800 (CST),三重市,null,null,55,20
Sun Nov 25 2012 00:00:00 GMT+0800 (CST),台北二,null,null,108,40
Sun Nov 25 2012 00:00:00 GMT+0800 (CST),台北一,null,null,75,40
Tue Nov 27 2012 00:00:00 GMT+0800 (CST),台北二,null,null,110,40
Thu Nov 29 2012 00:00:00 GMT+0800 (CST),高雄市,null,null,200,90
Fri Oct 05 2012 00:00:00 GMT+0800 (CST),高雄市,null,null,200,20
Thu Oct 18 2012 00:00:00 GMT+0800 (CST),高雄市,null,null,200,50
Wed Oct 24 2012 00:00:00 GMT+0800 (CST),高雄市,null,null,200,40
Sat Oct 27 2012 00:00:00 GMT+0800 (CST),高雄市,null,null,200,40
Sat Sep 01 2007 00:00:00 GMT+0800 (CST),高雄市,null,null,170,20
Sun Sep 09 2007 00:00:00 GMT+0800 (CST),高雄市,null,null,170,20
Fri Sep 14 2007 00:00:00 GMT+0800 (CST),高雄市,null,null,170,20
Tue Sep 18 2007 00:00:00 GMT+0800 (CST),高雄市,null,null,170,20
Mon Sep 24 2007 00:00:00 GMT+0800 (CST),高雄市,null,null,170,20
Sun Sep 30 2007 00:00:00 GMT+0800 (CST),高雄市,null,null,170,20
Sun Sep 13 2009 00:00:00 GMT+0800 (CST),台北一,null,null,35,12
Wed Sep 30 2009 00:00:00 GMT+0800 (CST),高雄市,null,null,180,20
Wed Sep 19 2012 00:00:00 GMT+0800 (CST),台北二,null,null,100,10
Wed Sep 19 2012 00:00:00 GMT+0800 (CST),高雄市,null,null,200,40
Tue Sep 25 2012 00:00:00 GMT+0800 (CST),高雄市,null,null,200,50
Sat Sep 29 2012 00:00:00 GMT+0800 (CST),高雄市,null,null,200,20