date	mktname	sbtype	transformation	middleprice	quantity
095年04月01日	"台北二"	null	null	180.0	20
095年04月01日	"台北一"	null	null	180.0	49
095年04月02日	"台北二"	null	null	120.0	21
095年04月03日	"台北二"	null	null	150.0	18
095年04月04日	"台北二"	null	null	185.0	20
095年04月04日	"台北一"	null	null	130.0	20
095年04月07日	"台北二"	null	null	190.0	20
095年04月07日	"台北一"	null	null	174.6	47
095年04月08日	"台北二"	null	null	190.7	35
095年04月08日	"台北一"	null	null	153.1	53
095年04月09日	"台北二"	null	null	137.1	36
095年04月09日	"台北一"	null	null	150.0	41
095年04月11日	"台北二"	null	null	155.0	11
095年04月12日	"台北二"	null	null	107.3	55
095年04月12日	"台北一"	null	null	150.0	50
095年04月13日	"台北二"	null	null	103.3	25
095年04月13日	"台北一"	null	null	135.0	49
095年04月16日	"台北二"	null	null	100.0	7
095年04月18日	"台北二"	null	null	145.6	34
095年04月18日	"台北一"	null	null	170.1	38
095年04月19日	"台北二"	null	null	100.0	7
095年04月20日	"台北二"	null	null	170.0	20
095年04月20日	"台北一"	null	null	185.0	38
095年04月22日	"台北二"	null	null	175.0	20
095年04月22日	"台北一"	null	null	223.0	40
095年04月25日	"台北二"	null	null	104.8	57
095年04月25日	"台北一"	null	null	169.0	63
095年04月27日	"台北二"	null	null	130.0	20
095年04月27日	"台北一"	null	null	200.0	60
095年04月29日	"台北二"	null	null	140.0	20
095年04月29日	"台北一"	null	null	169.4	54
096年04月03日	"台北二"	null	null	65.4	20
096年04月03日	"台北一"	null	null	80.0	68
096年04月07日	"台北二"	null	null	80.0	15
096年04月07日	"台北一"	null	null	84.1	65
096年04月10日	"台北二"	null	null	75.0	20
096年04月10日	"台北一"	null	null	89.5	68
096年04月12日	"台北二"	null	null	100.0	20
096年04月12日	"台北一"	null	null	90.0	74
096年04月14日	"台北二"	null	null	90.0	25
096年04月14日	"台北一"	null	null	89.9	82
096年04月17日	"台北二"	null	null	85.0	20
096年04月17日	"台北一"	null	null	85.0	60
096年04月19日	"台北二"	null	null	70.0	25
096年04月19日	"台北一"	null	null	89.6	84
096年04月20日	"台北一"	null	null	85.0	12
096年04月21日	"台北二"	null	null	67.5	20
096年04月21日	"台北一"	null	null	76.2	95
096年04月22日	"台北一"	null	null	78.0	44
096年04月24日	"台北二"	null	null	80.0	20
096年04月24日	"台北一"	null	null	72.0	69
096年04月25日	"台北一"	null	null	50.0	25
096年04月26日	"台北二"	null	null	65.0	20
096年04月26日	"台北一"	null	null	53.7	87
096年04月27日	"台北一"	null	null	55.0	24
096年04月28日	"台北二"	null	null	55.0	25
096年04月28日	"台北一"	null	null	61.6	116
097年04月01日	"台北二"	null	null	70.0	10
097年04月01日	"台北一"	null	null	44.7	117
097年04月02日	"台北一"	null	null	41.7	50
097年04月03日	"台北一"	null	null	44.5	65
097年04月06日	"台北一"	null	null	60.0	34
097年04月07日	"台北一"	null	null	58.5	34
097年04月08日	"台北二"	null	null	60.0	15
097年04月08日	"台北一"	null	null	52.9	109
097年04月09日	"台北二"	null	null	40.0	10
097年04月09日	"台北一"	null	null	56.3	65
097年04月10日	"台北二"	null	null	36.5	20
097年04月10日	"台北一"	null	null	31.1	75
097年04月11日	"台北二"	null	null	40.7	25
097年04月11日	"台北一"	null	null	57.1	113
097年04月12日	"台北一"	null	null	58.6	50
097年04月13日	"台北一"	null	null	50.0	16
097年04月15日	"台北二"	null	null	55.0	8
097年04月15日	"台北一"	null	null	56.3	46
097年04月16日	"台北一"	null	null	50.0	16
097年04月17日	"台北二"	null	null	45.0	15
097年04月17日	"台北一"	null	null	36.8	120
097年04月18日	"台北一"	null	null	47.8	68
097年04月19日	"台北二"	null	null	55.0	10
097年04月19日	"台北一"	null	null	52.7	100
097年04月20日	"台北一"	null	null	52.5	20
097年04月22日	"台北二"	null	null	65.0	10
097年04月22日	"台北一"	null	null	58.6	87
097年04月23日	"台北一"	null	null	52.0	36
097年04月24日	"台北二"	null	null	34.3	18
097年04月24日	"台北一"	null	null	58.3	55
097年04月25日	"台北一"	null	null	52.5	48
097年04月26日	"台北二"	null	null	42.5	20
097年04月26日	"台北一"	null	null	58.0	112
097年04月27日	"台北二"	null	null	15.0	12
097年04月27日	"台北一"	null	null	51.1	30
097年04月29日	"台北二"	null	null	70.0	10
097年04月29日	"台北一"	null	null	53.3	97
097年04月30日	"台北二"	null	null	25.0	7
097年04月30日	"台北一"	null	null	52.6	77
098年04月01日	"台北一"	null	null	45.0	14
098年04月03日	"台北二"	null	null	47.2	33
098年04月03日	"台北一"	null	null	48.4	74
098年04月07日	"台北二"	null	null	40.0	10
098年04月07日	"台北一"	null	null	42.1	44
098年04月08日	"台北一"	null	null	29.7	35
098年04月09日	"台北一"	null	null	50.0	20
098年04月10日	"台北一"	null	null	17.8	90
098年04月11日	"台北二"	null	null	40.0	10
098年04月11日	"台北一"	null	null	44.9	52
098年04月14日	"台北二"	null	null	22.9	22
098年04月14日	"台北一"	null	null	33.8	32
098年04月15日	"台北一"	null	null	50.0	18
098年04月18日	"台北二"	null	null	75.0	10
098年04月18日	"台北一"	null	null	48.7	57
098年04月19日	"台北二"	null	null	62.0	10
098年04月21日	"台北二"	null	null	61.0	10
098年04月21日	"台北一"	null	null	51.0	20
098年04月22日	"台北一"	null	null	43.0	23
098年04月23日	"台北一"	null	null	70.0	18
098年04月24日	"台北二"	null	null	20.0	6
098年04月24日	"台北一"	null	null	55.0	21
098年04月25日	"台北二"	null	null	34.9	30
098年04月25日	"台北一"	null	null	54.5	73
098年04月26日	"台北一"	null	null	56.0	10
098年04月28日	"台北二"	null	null	43.0	16
098年04月28日	"台北一"	null	null	64.5	34
098年04月29日	"台北一"	null	null	42.8	31
098年04月30日	"台北二"	null	null	65.0	15
098年04月30日	"台北一"	null	null	57.6	49
099年04月03日	"台北二"	null	null	60.0	10
099年04月03日	"台北一"	null	null	70.0	10
099年04月04日	"台北一"	null	null	70.0	10
099年04月07日	"台北一"	null	null	75.0	10
099年04月08日	"台北一"	null	null	87.3	21
099年04月09日	"台北一"	null	null	120.0	10
099年04月10日	"台北二"	null	null	8.0	10
099年04月10日	"台北一"	null	null	106.1	18
099年04月11日	"台北一"	null	null	115.0	10
099年04月13日	"台北一"	null	null	86.2	26
099年04月14日	"台北二"	null	null	55.0	10
099年04月14日	"台北一"	null	null	95.0	10
099年04月15日	"台北一"	null	null	90.0	10
099年04月16日	"台北一"	null	null	85.0	10
099年04月17日	"台北一"	null	null	68.3	16
099年04月18日	"台北二"	null	null	50.0	7
099年04月18日	"台北一"	null	null	75.0	6
099年04月20日	"台北一"	null	null	80.6	22
099年04月21日	"台北一"	null	null	80.0	10
099年04月23日	"台北一"	null	null	100.0	10
099年04月24日	"台北一"	null	null	111.0	10
099年04月25日	"台北一"	null	null	90.0	10
099年04月27日	"台北一"	null	null	80.9	19
099年04月28日	"台北一"	null	null	80.0	20
099年04月30日	"台北一"	null	null	80.0	10
100年04月07日	"台北一"	null	null	40.0	4
100年04月08日	"台北一"	null	null	15.0	80
100年04月09日	"台北一"	null	null	100.0	14
100年04月10日	"台北一"	null	null	85.0	18
100年04月12日	"台北二"	null	null	5.0	6
100年04月14日	"台北一"	null	null	20.0	7
100年04月19日	"台北一"	null	null	120.0	14
100年04月21日	"台北一"	null	null	102.1	13
100年04月26日	"台北一"	null	null	100.0	16
100年04月30日	"台北一"	null	null	150.0	7
101年04月02日	"台北二"	null	null	105.0	8
101年04月02日	"台北一"	null	null	70.0	8
101年04月03日	"台北二"	null	null	80.0	8
101年04月07日	"台北二"	null	null	90.0	8
101年04月07日	"台北一"	null	null	65.0	8
101年04月08日	"台北一"	null	null	90.0	7
101年04月10日	"台北二"	null	null	73.0	16
101年04月10日	"台北一"	null	null	88.0	8
101年04月12日	"台北一"	null	null	73.0	14
101年04月14日	"台北二"	null	null	75.0	8
101年04月14日	"台北一"	null	null	70.0	8
101年04月17日	"台北二"	null	null	65.0	16
101年04月17日	"台北一"	null	null	65.0	16
101年04月21日	"台北二"	null	null	80.0	8
101年04月21日	"台北一"	null	null	50.0	15
101年04月22日	"台北一"	null	null	16.0	10
101年04月24日	"台北二"	null	null	50.0	8
101年04月25日	"台北一"	null	null	30.0	16
101年04月26日	"台北一"	null	null	20.0	6
101年04月26日	"三重市"	null	null	50.0	59
101年04月27日	"三重市"	null	null	50.0	26
102年04月17日	"台北二"	null	null	40.0	6
102年04月25日	"台北一"	null	null	10.0	9
095年08月01日	"台北二"	null	null	80.0	30
095年08月01日	"台北一"	null	null	98.8	103
095年08月02日	"台北二"	null	null	80.0	20
095年08月02日	"台北一"	null	null	65.0	20
095年08月03日	"台北二"	null	null	85.0	30
095年08月03日	"台北一"	null	null	100.0	76
095年08月04日	"台北二"	null	null	80.0	15
095年08月04日	"台北一"	null	null	80.0	25
095年08月05日	"台北二"	null	null	95.8	11
095年08月06日	"台北二"	null	null	78.1	52
095年08月06日	"台北一"	null	null	94.1	111
095年08月07日	"台北二"	null	null	65.0	9
095年08月12日	"台北二"	null	null	75.0	30
095年08月12日	"台北一"	null	null	98.2	77
095年08月13日	"台北二"	null	null	67.5	20
095年08月13日	"台北一"	null	null	81.3	65
095年08月15日	"台北二"	null	null	65.0	36
095年08月15日	"台北一"	null	null	86.2	118
095年08月16日	"台北二"	null	null	45.0	12
095年08月16日	"台北一"	null	null	60.0	30
095年08月17日	"台北二"	null	null	43.9	44
095年08月17日	"台北一"	null	null	63.6	106
095年08月19日	"台北二"	null	null	70.0	25
095年08月19日	"台北一"	null	null	90.0	82
095年08月24日	"台北二"	null	null	100.0	15
095年08月24日	"台北一"	null	null	100.0	60
095年08月25日	"台北一"	null	null	110.0	24
095年08月26日	"台北一"	null	null	107.7	97
095年08月27日	"台北二"	null	null	100.0	20
095年08月27日	"台北一"	null	null	90.8	60
095年08月31日	"台北二"	null	null	110.0	15
095年08月31日	"台北一"	null	null	110.0	53
096年08月01日	"台北二"	null	null	25.0	7
096年08月01日	"台北一"	null	null	40.0	20
096年08月02日	"台北二"	null	null	40.0	10
096年08月02日	"台北一"	null	null	48.6	63
096年08月03日	"台北二"	null	null	35.0	9
096年08月03日	"台北一"	null	null	50.0	17
096年08月04日	"台北二"	null	null	50.0	15
096年08月04日	"台北一"	null	null	49.7	73
096年08月05日	"台北二"	null	null	40.0	10
096年08月05日	"台北一"	null	null	41.6	38
096年08月07日	"台北二"	null	null	45.0	6
096年08月07日	"台北一"	null	null	43.0	18
096年08月08日	"台北一"	null	null	34.0	20
096年08月09日	"台北二"	null	null	43.0	7
096年08月09日	"台北一"	null	null	45.0	17
096年08月10日	"台北二"	null	null	45.0	5
096年08月10日	"台北一"	null	null	60.0	14
096年08月11日	"台北二"	null	null	65.0	20
096年08月11日	"台北一"	null	null	56.9	82
096年08月12日	"台北二"	null	null	35.0	9
096年08月12日	"台北一"	null	null	63.3	75
096年08月14日	"台北一"	null	null	40.0	14
096年08月15日	"台北一"	null	null	80.0	5
096年08月16日	"台北一"	null	null	83.3	25
096年08月17日	"台北二"	null	null	76.6	28
096年08月17日	"台北一"	null	null	69.5	97
096年08月18日	"台北二"	null	null	55.0	15
096年08月18日	"台北一"	null	null	52.1	55
096年08月19日	"台北二"	null	null	45.0	27
096年08月19日	"台北一"	null	null	60.0	10
096年08月21日	"台北二"	null	null	45.0	36
096年08月22日	"台北二"	null	null	50.0	10
096年08月23日	"台北二"	null	null	60.0	18
096年08月23日	"台北一"	null	null	58.4	68
096年08月24日	"台北二"	null	null	52.7	19
096年08月24日	"台北一"	null	null	55.8	66
096年08月24日	"三重市"	null	null	50.0	9
096年08月25日	"台北二"	null	null	57.9	20
096年08月25日	"台北一"	null	null	68.7	91
096年08月26日	"台北一"	null	null	47.0	30
096年08月27日	"台北二"	null	null	50.0	9
096年08月27日	"台北一"	null	null	64.0	15
097年08月01日	"台北二"	null	null	27.9	33
097年08月01日	"台北一"	null	null	38.9	28
097年08月02日	"台北二"	null	null	65.0	25
097年08月02日	"台北一"	null	null	62.0	25
097年08月03日	"台北二"	null	null	45.0	9
097年08月03日	"台北一"	null	null	40.0	30
097年08月05日	"台北二"	null	null	50.0	12
097年08月05日	"台北一"	null	null	39.2	20
097年08月06日	"台北二"	null	null	57.4	35
097年08月06日	"台北一"	null	null	40.0	57
097年08月07日	"台北二"	null	null	35.0	10
097年08月07日	"台北一"	null	null	44.2	26
097年08月08日	"台北二"	null	null	45.0	9
097年08月08日	"台北一"	null	null	40.0	20
097年08月09日	"台北二"	null	null	45.0	10
097年08月09日	"台北一"	null	null	42.5	20
097年08月10日	"台北二"	null	null	60.0	10
097年08月10日	"台北一"	null	null	83.3	25
097年08月12日	"台北二"	null	null	47.1	44
097年08月12日	"台北一"	null	null	63.9	46
097年08月13日	"台北一"	null	null	51.4	27
097年08月14日	"台北二"	null	null	58.5	26
097年08月14日	"台北一"	null	null	48.8	53
097年08月15日	"台北二"	null	null	75.0	10
097年08月15日	"台北一"	null	null	50.0	10
097年08月16日	"台北二"	null	null	65.0	20
097年08月16日	"台北一"	null	null	80.0	7
097年08月17日	"台北二"	null	null	50.0	10
097年08月17日	"台北一"	null	null	50.0	20
097年08月20日	"台北二"	null	null	41.7	15
097年08月20日	"台北一"	null	null	44.8	39
097年08月21日	"台北二"	null	null	43.5	32
097年08月21日	"台北一"	null	null	50.0	25
097年08月22日	"台北一"	null	null	34.4	41
097年08月23日	"台北二"	null	null	42.0	20
097年08月23日	"台北一"	null	null	50.0	55
097年08月24日	"台北一"	null	null	40.0	25
097年08月26日	"台北二"	null	null	43.5	27
097年08月26日	"台北一"	null	null	48.8	44
097年08月27日	"台北二"	null	null	25.0	7
097年08月27日	"台北一"	null	null	41.0	20
097年08月28日	"台北二"	null	null	37.0	22
097年08月28日	"台北一"	null	null	47.4	50
097年08月30日	"台北二"	null	null	50.0	20
097年08月30日	"台北一"	null	null	48.0	45
097年08月31日	"台北二"	null	null	50.0	10
097年08月31日	"台北一"	null	null	35.2	58
098年08月01日	"台北二"	null	null	67.2	17
098年08月01日	"台北一"	null	null	49.5	65
098年08月04日	"台北二"	null	null	40.0	10
098年08月04日	"台北一"	null	null	44.4	60
098年08月06日	"台北二"	null	null	70.0	10
098年08月06日	"台北一"	null	null	45.0	20
098年08月07日	"台北一"	null	null	85.6	21
098年08月11日	"台北二"	null	null	70.0	10
098年08月11日	"台北一"	null	null	56.5	17
098年08月15日	"台北一"	null	null	100.0	10
098年08月18日	"台北一"	null	null	70.0	13
098年08月19日	"台北一"	null	null	65.0	12
098年08月25日	"台北一"	null	null	83.1	13
098年08月26日	"台北一"	null	null	95.0	9
098年08月27日	"台北一"	null	null	86.0	7
098年08月28日	"台北一"	null	null	70.0	9
098年08月29日	"台北一"	null	null	70.0	8
098年08月30日	"台北一"	null	null	70.0	7
099年08月01日	"台北一"	null	null	72.0	10
099年08月03日	"台北一"	null	null	65.0	16
099年08月05日	"台北一"	null	null	67.8	18
099年08月06日	"台北一"	null	null	15.0	14
099年08月07日	"台北二"	null	null	88.0	10
099年08月07日	"台北一"	null	null	73.8	18
099年08月08日	"台北一"	null	null	80.0	10
099年08月10日	"台北一"	null	null	70.0	20
099年08月11日	"台北一"	null	null	65.0	10
099年08月12日	"台北一"	null	null	80.0	8
099年08月13日	"台北一"	null	null	20.0	7
099年08月14日	"台北二"	null	null	80.0	10
099年08月14日	"台北一"	null	null	76.1	23
099年08月15日	"台北一"	null	null	50.0	10
099年08月17日	"台北二"	null	null	65.0	10
099年08月17日	"台北一"	null	null	70.0	10
099年08月18日	"台北一"	null	null	73.0	10
099年08月19日	"台北一"	null	null	49.2	26
099年08月20日	"台北一"	null	null	66.1	21
099年08月22日	"台北二"	null	null	50.0	10
099年08月23日	"台北一"	null	null	50.0	10
099年08月24日	"台北一"	null	null	44.1	18
099年08月28日	"台北一"	null	null	25.4	65
099年08月29日	"台北一"	null	null	60.0	10
100年08月02日	"台北一"	null	null	50.0	9
100年08月06日	"台北一"	null	null	72.0	8
100年08月09日	"台北一"	null	null	73.0	10
100年08月11日	"台北一"	null	null	60.0	18
100年08月13日	"台北一"	null	null	60.0	14
100年08月17日	"台北一"	null	null	63.0	8
100年08月21日	"台北一"	null	null	20.0	9
100年08月23日	"台北一"	null	null	80.0	8
100年08月24日	"台北一"	null	null	12.0	14
100年08月25日	"台北一"	null	null	65.0	8
100年08月27日	"台北一"	null	null	15.0	16
100年08月28日	"台北一"	null	null	57.5	16
101年08月07日	"台北二"	null	null	90.0	8
101年08月07日	"台北一"	null	null	70.0	8
101年08月11日	"台北一"	null	null	140.0	12
101年08月14日	"台北二"	null	null	85.0	8
101年08月14日	"台北一"	null	null	80.0	8
101年08月16日	"台北一"	null	null	82.0	5
101年08月17日	"台北一"	null	null	30.0	5
101年08月23日	"台北一"	null	null	55.0	14
101年08月24日	"台北二"	null	null	65.0	23
101年08月24日	"台北一"	null	null	50.4	38
101年08月26日	"台北一"	null	null	30.0	9
101年08月28日	"台北二"	null	null	40.0	2
095年12月02日	"台北二"	null	null	100.0	15
095年12月02日	"台北一"	null	null	100.0	50
095年12月05日	"台北二"	null	null	95.7	15
095年12月05日	"台北一"	null	null	100.0	60
095年12月06日	"台北二"	null	null	75.0	15
095年12月07日	"台北二"	null	null	100.0	15
095年12月07日	"台北一"	null	null	100.0	48
095年12月09日	"台北二"	null	null	100.0	15
095年12月09日	"台北一"	null	null	100.0	54
095年12月12日	"台北二"	null	null	100.0	15
095年12月12日	"台北一"	null	null	115.0	51
095年12月14日	"台北一"	null	null	110.2	47
095年12月14日	"三重市"	null	null	50.0	15
095年12月15日	"台北一"	null	null	75.0	12
095年12月16日	"台北一"	null	null	74.4	78
095年12月19日	"台北二"	null	null	90.0	15
095年12月19日	"台北一"	null	null	64.8	110
095年12月21日	"台北二"	null	null	95.0	10
095年12月21日	"台北一"	null	null	84.2	50
095年12月23日	"台北二"	null	null	95.0	15
095年12月23日	"台北一"	null	null	111.0	45
095年12月26日	"台北二"	null	null	43.9	44
095年12月26日	"台北一"	null	null	79.5	105
095年12月28日	"台北二"	null	null	66.7	40
095年12月28日	"台北一"	null	null	87.3	51
095年12月30日	"台北二"	null	null	100.0	20
095年12月30日	"台北一"	null	null	85.8	80
096年12月01日	"台北二"	null	null	60.0	40
096年12月01日	"台北一"	null	null	75.0	70
096年12月02日	"台北二"	null	null	50.0	18
096年12月08日	"台北二"	null	null	82.0	10
096年12月11日	"台北一"	null	null	70.0	30
096年12月12日	"台北一"	null	null	102.0	20
096年12月13日	"台北二"	null	null	83.0	10
096年12月13日	"台北一"	null	null	89.2	38
096年12月15日	"台北二"	null	null	75.0	10
096年12月15日	"台北一"	null	null	114.6	28
096年12月18日	"台北二"	null	null	50.0	15
096年12月18日	"台北一"	null	null	93.3	57
096年12月20日	"台北一"	null	null	90.0	12
096年12月22日	"台北一"	null	null	110.0	12
096年12月23日	"台北一"	null	null	100.0	12
096年12月25日	"台北一"	null	null	80.0	10
096年12月26日	"台北一"	null	null	70.0	8
096年12月27日	"台北一"	null	null	122.0	12
096年12月29日	"台北一"	null	null	120.0	12
096年12月30日	"台北一"	null	null	40.0	3
097年12月03日	"台北一"	null	null	70.0	28
097年12月04日	"台北二"	null	null	60.0	25
097年12月04日	"台北一"	null	null	70.0	29
097年12月06日	"台北二"	null	null	60.0	20
097年12月06日	"台北一"	null	null	85.0	32
097年12月07日	"台北一"	null	null	60.0	14
097年12月11日	"台北一"	null	null	70.0	14
097年12月13日	"台北一"	null	null	89.0	16
097年12月14日	"台北二"	null	null	46.0	6
097年12月17日	"台北二"	null	null	45.0	20
097年12月17日	"台北一"	null	null	70.0	25
097年12月19日	"台北二"	null	null	40.0	6
097年12月27日	"台北一"	null	null	80.0	20
097年12月30日	"台北二"	null	null	7.0	18
097年12月30日	"台北一"	null	null	70.0	14
098年12月03日	"台北一"	null	null	85.0	10
098年12月05日	"台北二"	null	null	87.0	10
098年12月05日	"台北一"	null	null	100.0	10
098年12月08日	"台北一"	null	null	140.0	8
098年12月09日	"台北一"	null	null	160.0	10
098年12月10日	"台北一"	null	null	84.9	39
098年12月12日	"台北一"	null	null	90.0	10
098年12月16日	"台北一"	null	null	110.0	8
098年12月17日	"台北一"	null	null	105.0	10
098年12月19日	"台北二"	null	null	70.0	1
098年12月19日	"台北一"	null	null	107.0	15
098年12月26日	"台北二"	null	null	80.0	25
098年12月26日	"台北一"	null	null	79.8	45
098年12月31日	"台北一"	null	null	12.0	20
099年12月04日	"台北一"	null	null	45.0	10
099年12月07日	"台北二"	null	null	22.6	15
099年12月07日	"台北一"	null	null	56.4	11
099年12月30日	"台北一"	null	null	120.0	5
100年12月07日	"台北一"	null	null	50.4	28
100年12月11日	"台北一"	null	null	60.0	8
100年12月13日	"台北一"	null	null	60.0	7
100年12月17日	"台北一"	null	null	15.0	19
100年12月22日	"台北一"	null	null	108.0	5
100年12月24日	"台北一"	null	null	30.0	10
101年12月13日	"台北一"	null	null	50.0	12
101年12月16日	"台北二"	null	null	50.0	3
101年12月20日	"三重市"	null	null	12.0	10
101年12月25日	"台北一"	null	null	40.0	10
095年02月03日	"台北二"	null	null	70.0	25
095年02月03日	"台北一"	null	null	70.0	43
095年02月04日	"台北二"	null	null	42.0	25
095年02月04日	"台北一"	null	null	79.2	40
095年02月09日	"台北二"	null	null	75.0	25
095年02月09日	"台北一"	null	null	65.0	62
095年02月10日	"台北二"	null	null	32.0	15
095年02月11日	"台北二"	null	null	79.0	40
095年02月11日	"台北一"	null	null	89.1	57
095年02月12日	"台北二"	null	null	35.0	15
095年02月15日	"台北二"	null	null	120.0	20
095年02月15日	"台北一"	null	null	145.9	45
095年02月16日	"台北二"	null	null	25.0	10
095年02月17日	"台北二"	null	null	150.0	15
095年02月17日	"台北一"	null	null	105.9	47
095年02月18日	"台北二"	null	null	165.0	20
095年02月18日	"台北一"	null	null	160.0	42
095年02月19日	"台北二"	null	null	120.0	25
095年02月19日	"台北一"	null	null	81.8	68
095年02月21日	"台北二"	null	null	90.0	14
095年02月21日	"台北一"	null	null	65.0	20
095年02月22日	"台北二"	null	null	160.0	15
095年02月22日	"台北一"	null	null	178.6	33
095年02月23日	"台北二"	null	null	3.0	15
095年02月24日	"台北一"	null	null	180.0	31
095年02月25日	"台北二"	null	null	165.6	30
095年02月25日	"台北一"	null	null	210.0	35
095年02月26日	"台北一"	null	null	55.0	54
095年02月28日	"台北二"	null	null	85.0	10
096年02月01日	"台北二"	null	null	105.0	10
096年02月01日	"台北一"	null	null	90.0	45
096年02月03日	"台北二"	null	null	80.0	15
096年02月03日	"台北一"	null	null	90.0	51
096年02月06日	"台北二"	null	null	75.0	15
096年02月06日	"台北一"	null	null	90.0	58
096年02月10日	"台北二"	null	null	100.0	15
096年02月10日	"台北一"	null	null	110.0	43
096年02月13日	"台北二"	null	null	80.5	26
096年02月13日	"台北一"	null	null	100.0	56
096年02月14日	"台北二"	null	null	30.0	20
096年02月15日	"台北二"	null	null	70.0	15
096年02月15日	"台北一"	null	null	83.3	56
096年02月17日	"台北一"	null	null	15.0	25
097年02月02日	"台北一"	null	null	70.6	15
097年02月03日	"台北一"	null	null	70.0	12
097年02月04日	"台北二"	null	null	30.0	12
097年02月04日	"台北一"	null	null	66.3	69
097年02月13日	"台北一"	null	null	50.0	5
097年02月15日	"台北二"	null	null	110.0	10
097年02月15日	"台北一"	null	null	80.0	10
097年02月16日	"台北二"	null	null	80.0	20
097年02月16日	"台北一"	null	null	50.0	16
097年02月17日	"台北二"	null	null	68.0	34
097年02月17日	"台北一"	null	null	75.0	56
097年02月19日	"台北二"	null	null	63.3	25
097年02月19日	"台北一"	null	null	79.9	46
097年02月20日	"台北二"	null	null	60.0	20
097年02月21日	"台北二"	null	null	40.0	5
097年02月24日	"台北一"	null	null	40.0	10
097年02月26日	"台北二"	null	null	62.7	17
097年02月26日	"台北一"	null	null	78.3	16
097年02月27日	"台北一"	null	null	91.0	10
097年02月28日	"台北一"	null	null	78.5	32
098年02月01日	"台北二"	null	null	55.0	4
098年02月03日	"台北二"	null	null	68.0	14
098年02月03日	"台北一"	null	null	50.0	42
098年02月05日	"台北一"	null	null	50.0	14
098年02月07日	"台北二"	null	null	50.0	14
098年02月07日	"台北一"	null	null	50.0	28
098年02月12日	"台北二"	null	null	50.0	20
098年02月12日	"台北一"	null	null	58.1	53
098年02月13日	"台北一"	null	null	45.0	20
098年02月14日	"台北二"	null	null	30.0	14
098年02月18日	"台北一"	null	null	25.0	33
098年02月21日	"台北二"	null	null	57.0	14
098年02月21日	"台北一"	null	null	40.0	35
098年02月24日	"台北二"	null	null	55.0	14
098年02月24日	"台北一"	null	null	53.9	34
098年02月25日	"台北二"	null	null	30.0	6
098年02月25日	"台北一"	null	null	30.0	6
098年02月26日	"台北二"	null	null	55.0	10
098年02月26日	"台北一"	null	null	56.1	43
098年02月27日	"台北二"	null	null	22.0	6
098年02月27日	"台北一"	null	null	50.0	6
098年02月28日	"台北二"	null	null	62.0	14
098年02月28日	"台北一"	null	null	50.0	28
099年02月03日	"台北一"	null	null	155.0	8
099年02月06日	"台北二"	null	null	80.0	10
099年02月06日	"台北一"	null	null	100.0	10
099年02月09日	"台北一"	null	null	64.4	15
099年02月10日	"台北二"	null	null	60.0	7
099年02月20日	"台北二"	null	null	90.0	10
099年02月20日	"台北一"	null	null	80.0	20
099年02月23日	"台北一"	null	null	135.0	8
099年02月24日	"台北二"	null	null	70.0	10
099年02月24日	"台北一"	null	null	80.0	10
099年02月25日	"台北一"	null	null	60.0	8
099年02月27日	"台北一"	null	null	80.0	10
100年02月12日	"台北一"	null	null	140.0	7
102年02月01日	"台北二"	null	null	5.0	27
095年01月06日	"台北二"	null	null	235.0	25
095年01月06日	"台北一"	null	null	200.0	56
095年01月07日	"台北二"	null	null	230.0	25
095年01月07日	"台北一"	null	null	200.0	61
095年01月12日	"台北一"	null	null	130.0	10
095年01月13日	"台北二"	null	null	220.0	25
095年01月13日	"台北一"	null	null	220.0	51
095年01月14日	"台北二"	null	null	180.0	25
095年01月19日	"台北二"	null	null	180.0	20
095年01月19日	"台北一"	null	null	210.0	40
095年01月20日	"台北一"	null	null	171.1	54
095年01月21日	"台北二"	null	null	120.0	20
095年01月25日	"台北二"	null	null	130.0	25
095年01月25日	"台北一"	null	null	168.8	43
095年01月26日	"台北二"	null	null	100.0	25
095年01月26日	"台北一"	null	null	119.6	60
095年01月27日	"台北二"	null	null	93.6	35
095年01月27日	"台北一"	null	null	68.9	60
096年01月02日	"台北二"	null	null	94.6	15
096年01月02日	"台北一"	null	null	90.0	59
096年01月03日	"台北一"	null	null	55.0	10
096年01月04日	"台北二"	null	null	75.0	15
096年01月04日	"台北一"	null	null	70.5	84
096年01月05日	"台北一"	null	null	55.0	7
096年01月06日	"台北二"	null	null	108.0	15
096年01月06日	"台北一"	null	null	90.0	50
096年01月09日	"台北二"	null	null	84.6	15
096年01月09日	"台北一"	null	null	100.0	39
096年01月13日	"台北二"	null	null	90.0	20
096年01月13日	"台北一"	null	null	100.0	60
096年01月16日	"台北二"	null	null	75.0	15
096年01月16日	"台北一"	null	null	100.0	53
096年01月17日	"台北一"	null	null	45.0	15
096年01月18日	"台北一"	null	null	45.0	10
096年01月19日	"台北一"	null	null	70.0	4
096年01月20日	"台北二"	null	null	80.0	15
096年01月20日	"台北一"	null	null	100.0	56
096年01月23日	"台北二"	null	null	70.0	15
096年01月23日	"台北一"	null	null	100.0	61
096年01月25日	"台北一"	null	null	77.0	45
096年01月27日	"台北二"	null	null	90.0	10
096年01月27日	"台北一"	null	null	90.0	55
097年01月03日	"台北一"	null	null	130.0	12
097年01月04日	"台北一"	null	null	70.0	5
097年01月05日	"台北一"	null	null	100.0	20
097年01月09日	"台北一"	null	null	100.0	10
097年01月11日	"台北一"	null	null	30.0	5
097年01月15日	"台北二"	null	null	100.0	15
097年01月15日	"台北一"	null	null	82.6	78
097年01月16日	"台北一"	null	null	60.0	4
097年01月19日	"台北一"	null	null	60.0	8
097年01月22日	"台北二"	null	null	110.0	15
097年01月22日	"台北一"	null	null	75.0	80
097年01月23日	"台北一"	null	null	35.0	4
097年01月24日	"台北二"	null	null	80.0	15
097年01月24日	"台北一"	null	null	65.9	52
097年01月25日	"台北一"	null	null	80.0	12
097年01月29日	"台北二"	null	null	90.0	15
097年01月29日	"台北一"	null	null	72.6	42
098年01月01日	"台北一"	null	null	73.5	30
098年01月03日	"台北一"	null	null	60.0	20
098年01月04日	"台北二"	null	null	50.0	7
098年01月04日	"台北一"	null	null	60.0	8
098年01月10日	"台北一"	null	null	72.8	38
098年01月13日	"台北一"	null	null	60.0	7
098年01月17日	"台北一"	null	null	60.0	21
098年01月20日	"台北二"	null	null	100.0	15
098年01月20日	"台北一"	null	null	68.3	70
098年01月21日	"台北一"	null	null	50.0	21
098年01月22日	"台北二"	null	null	50.0	16
098年01月22日	"台北一"	null	null	45.0	16
098年01月23日	"台北二"	null	null	71.0	16
098年01月23日	"台北一"	null	null	20.0	8
099年01月02日	"台北一"	null	null	15.0	16
099年01月03日	"台北一"	null	null	35.5	48
099年01月09日	"台北一"	null	null	110.0	10
099年01月16日	"台北一"	null	null	129.6	18
099年01月23日	"台北一"	null	null	155.0	10
099年01月26日	"台北一"	null	null	120.0	10
099年01月30日	"台北二"	null	null	100.0	10
099年01月30日	"台北一"	null	null	100.0	10
100年01月04日	"台北一"	null	null	110.0	7
100年01月08日	"台北一"	null	null	70.0	2
101年01月20日	"台北一"	null	null	108.0	7
102年01月03日	"台北一"	null	null	80.0	10
102年01月22日	"台北二"	null	null	15.0	13
095年07月01日	"台北二"	null	null	100.0	37
095年07月01日	"台北一"	null	null	120.0	68
095年07月02日	"台北二"	null	null	79.9	27
095年07月02日	"台北一"	null	null	110.0	20
095年07月04日	"台北二"	null	null	100.0	25
095年07月04日	"台北一"	null	null	119.7	79
095年07月05日	"台北一"	null	null	90.0	12
095年07月06日	"台北二"	null	null	80.0	25
095年07月06日	"台北一"	null	null	110.0	57
095年07月07日	"台北二"	null	null	95.0	15
095年07月07日	"台北一"	null	null	80.0	20
095年07月08日	"台北二"	null	null	70.0	25
095年07月08日	"台北一"	null	null	110.0	68
095年07月11日	"台北二"	null	null	90.0	25
095年07月11日	"台北一"	null	null	120.0	65
095年07月12日	"台北二"	null	null	65.0	15
095年07月12日	"台北一"	null	null	77.5	20
095年07月13日	"台北二"	null	null	90.0	25
095年07月13日	"台北一"	null	null	129.9	76
095年07月15日	"台北二"	null	null	65.0	24
095年07月18日	"台北二"	null	null	80.0	30
095年07月18日	"台北一"	null	null	120.0	80
095年07月20日	"台北二"	null	null	80.0	30
095年07月20日	"台北一"	null	null	119.5	81
095年07月22日	"台北二"	null	null	105.0	30
095年07月22日	"台北一"	null	null	99.1	94
095年07月23日	"台北二"	null	null	105.0	20
095年07月23日	"台北一"	null	null	79.6	20
095年07月25日	"台北二"	null	null	88.2	30
095年07月25日	"台北一"	null	null	97.9	89
095年07月27日	"台北二"	null	null	95.0	30
095年07月27日	"台北一"	null	null	97.4	70
095年07月29日	"台北二"	null	null	100.0	30
095年07月29日	"台北一"	null	null	115.4	96
095年07月30日	"台北一"	null	null	78.5	40
096年07月01日	"台北二"	null	null	25.0	14
096年07月01日	"台北一"	null	null	35.0	24
096年07月03日	"台北二"	null	null	80.0	15
096年07月03日	"台北一"	null	null	50.8	84
096年07月04日	"台北二"	null	null	33.8	33
096年07月04日	"台北一"	null	null	40.0	30
096年07月05日	"台北二"	null	null	28.1	38
096年07月05日	"台北一"	null	null	44.7	92
096年07月06日	"台北二"	null	null	16.0	12
096年07月06日	"台北一"	null	null	29.4	119
096年07月07日	"台北一"	null	null	43.8	72
096年07月08日	"台北二"	null	null	47.0	25
096年07月08日	"台北一"	null	null	54.6	93
096年07月10日	"台北二"	null	null	46.1	15
096年07月10日	"台北一"	null	null	60.4	64
096年07月11日	"台北二"	null	null	40.0	5
096年07月11日	"台北一"	null	null	51.0	20
096年07月12日	"台北二"	null	null	43.9	30
096年07月12日	"台北一"	null	null	68.1	54
096年07月13日	"台北二"	null	null	35.0	20
096年07月13日	"台北一"	null	null	40.0	6
096年07月14日	"台北二"	null	null	40.0	10
096年07月14日	"台北一"	null	null	49.2	92
096年07月15日	"台北二"	null	null	32.0	10
096年07月15日	"台北一"	null	null	24.4	53
096年07月17日	"台北二"	null	null	33.5	16
096年07月17日	"台北一"	null	null	59.9	71
096年07月18日	"台北二"	null	null	30.0	7
096年07月18日	"台北一"	null	null	40.0	25
096年07月19日	"台北二"	null	null	50.0	6
096年07月19日	"台北一"	null	null	50.7	45
096年07月20日	"台北二"	null	null	42.0	6
096年07月20日	"台北一"	null	null	40.0	25
096年07月21日	"台北二"	null	null	34.2	16
096年07月21日	"台北一"	null	null	46.8	71
096年07月22日	"台北二"	null	null	30.0	7
096年07月24日	"台北二"	null	null	40.0	6
096年07月24日	"台北一"	null	null	52.9	101
096年07月25日	"台北二"	null	null	30.0	11
096年07月25日	"台北一"	null	null	40.0	30
096年07月26日	"台北二"	null	null	47.1	16
096年07月26日	"台北一"	null	null	56.6	70
096年07月27日	"台北二"	null	null	40.0	6
096年07月27日	"台北一"	null	null	40.0	20
096年07月28日	"台北二"	null	null	70.0	10
096年07月28日	"台北一"	null	null	60.0	73
096年07月29日	"台北二"	null	null	40.0	12
096年07月29日	"台北一"	null	null	48.9	81
096年07月31日	"台北二"	null	null	45.6	16
096年07月31日	"台北一"	null	null	59.4	47
097年07月01日	"台北一"	null	null	50.0	15
097年07月02日	"台北二"	null	null	55.0	15
097年07月02日	"台北一"	null	null	41.8	116
097年07月03日	"台北一"	null	null	45.0	60
097年07月04日	"台北二"	null	null	60.0	20
097年07月04日	"台北一"	null	null	45.0	109
097年07月05日	"台北一"	null	null	51.2	33
097年07月06日	"台北一"	null	null	50.0	34
097年07月08日	"台北二"	null	null	26.7	27
097年07月08日	"台北一"	null	null	56.9	33
097年07月09日	"台北二"	null	null	60.0	20
097年07月09日	"台北一"	null	null	45.0	115
097年07月10日	"台北一"	null	null	46.8	60
097年07月11日	"台北一"	null	null	56.0	30
097年07月12日	"台北二"	null	null	70.0	20
097年07月12日	"台北一"	null	null	52.8	156
097年07月13日	"台北二"	null	null	64.6	14
097年07月13日	"台北一"	null	null	50.0	75
097年07月15日	"台北一"	null	null	46.4	67
097年07月16日	"台北二"	null	null	65.0	20
097年07月16日	"台北一"	null	null	40.1	158
097年07月17日	"台北二"	null	null	60.0	7
097年07月17日	"台北一"	null	null	40.2	88
097年07月18日	"台北一"	null	null	45.0	35
097年07月19日	"台北一"	null	null	65.0	40
097年07月20日	"台北二"	null	null	56.7	25
097年07月20日	"台北一"	null	null	47.7	125
097年07月22日	"台北二"	null	null	80.0	20
097年07月22日	"台北一"	null	null	46.8	113
097年07月23日	"台北一"	null	null	35.6	86
097年07月24日	"台北二"	null	null	80.0	25
097年07月24日	"台北一"	null	null	34.5	90
097年07月25日	"台北一"	null	null	34.4	90
097年07月26日	"台北二"	null	null	80.0	25
097年07月26日	"台北一"	null	null	41.1	56
097年07月27日	"台北二"	null	null	60.0	12
097年07月27日	"台北一"	null	null	42.5	51
097年07月30日	"台北一"	null	null	40.0	35
097年07月31日	"台北二"	null	null	55.0	25
097年07月31日	"台北一"	null	null	35.8	42
098年07月02日	"台北一"	null	null	65.0	18
098年07月04日	"台北二"	null	null	36.3	28
098年07月04日	"台北一"	null	null	58.1	34
098年07月07日	"台北一"	null	null	35.0	21
098年07月08日	"台北一"	null	null	85.0	6
098年07月09日	"台北一"	null	null	71.7	25
098年07月10日	"台北一"	null	null	85.0	8
098年07月11日	"台北一"	null	null	53.4	66
098年07月14日	"台北一"	null	null	85.0	7
098年07月15日	"台北一"	null	null	75.4	12
098年07月16日	"台北一"	null	null	85.0	12
098年07月17日	"台北一"	null	null	85.0	17
098年07月18日	"台北二"	null	null	75.0	10
098年07月18日	"台北一"	null	null	78.6	22
098年07月19日	"台北一"	null	null	85.0	5
098年07月21日	"台北一"	null	null	67.0	8
098年07月22日	"台北一"	null	null	62.6	19
098年07月23日	"台北一"	null	null	72.0	8
098年07月24日	"台北一"	null	null	73.9	14
098年07月25日	"台北二"	null	null	50.0	10
098年07月25日	"台北一"	null	null	76.4	37
098年07月28日	"台北二"	null	null	70.0	10
098年07月28日	"台北一"	null	null	68.9	18
098年07月29日	"台北一"	null	null	77.0	8
098年07月31日	"台北一"	null	null	50.0	8
099年07月03日	"台北一"	null	null	100.0	18
099年07月04日	"台北一"	null	null	80.0	10
099年07月06日	"台北一"	null	null	75.0	8
099年07月07日	"台北一"	null	null	75.0	10
099年07月08日	"台北一"	null	null	45.0	12
099年07月09日	"台北二"	null	null	70.0	10
099年07月09日	"台北一"	null	null	90.0	10
099年07月10日	"台北二"	null	null	90.0	10
099年07月10日	"台北一"	null	null	65.6	22
099年07月11日	"台北一"	null	null	75.0	10
099年07月14日	"台北一"	null	null	38.3	22
099年07月15日	"台北一"	null	null	100.0	8
099年07月17日	"台北二"	null	null	65.0	10
099年07月17日	"台北一"	null	null	47.9	27
099年07月18日	"台北一"	null	null	75.0	10
099年07月20日	"台北一"	null	null	64.2	24
099年07月21日	"台北一"	null	null	60.0	10
099年07月22日	"台北一"	null	null	30.0	18
099年07月24日	"台北二"	null	null	87.0	10
099年07月24日	"台北一"	null	null	72.0	10
099年07月25日	"台北一"	null	null	70.0	10
099年07月27日	"台北一"	null	null	50.0	14
099年07月31日	"台北二"	null	null	70.0	10
099年07月31日	"台北一"	null	null	73.7	18
100年07月05日	"台北一"	null	null	60.6	26
100年07月10日	"台北一"	null	null	60.0	14
100年07月12日	"台北一"	null	null	60.0	12
100年07月13日	"台北一"	null	null	35.0	7
100年07月14日	"台北一"	null	null	70.0	16
100年07月21日	"台北一"	null	null	71.0	16
100年07月26日	"台北一"	null	null	65.0	11
100年07月28日	"台北一"	null	null	82.0	16
100年07月30日	"台北一"	null	null	70.0	8
101年07月03日	"台北二"	null	null	60.0	8
101年07月03日	"台北一"	null	null	47.3	17
101年07月04日	"台北一"	null	null	10.0	11
101年07月08日	"台北二"	null	null	60.0	8
101年07月08日	"台北一"	null	null	69.2	13
101年07月10日	"台北二"	null	null	50.0	8
101年07月10日	"台北一"	null	null	60.0	8
101年07月19日	"台北一"	null	null	30.0	7
101年07月26日	"台北二"	null	null	80.0	8
101年07月26日	"台北一"	null	null	80.0	8
101年07月28日	"台北一"	null	null	80.0	12
101年07月31日	"台北二"	null	null	80.0	8
101年07月31日	"台北一"	null	null	80.0	8
102年07月11日	"台北一"	null	null	40.6	7
102年07月23日	"三重市"	null	null	24.0	5
102年07月24日	"三重市"	null	null	17.0	8
102年07月27日	"台北一"	null	null	20.0	8
095年06月03日	"台北二"	null	null	130.0	20
095年06月03日	"台北一"	null	null	100.0	61
095年06月04日	"台北二"	null	null	120.0	20
095年06月04日	"台北一"	null	null	130.0	62
095年06月06日	"台北二"	null	null	120.0	25
095年06月06日	"台北一"	null	null	130.0	58
095年06月08日	"台北二"	null	null	108.6	37
095年06月08日	"台北一"	null	null	120.0	56
095年06月09日	"台北一"	null	null	50.0	24
095年06月10日	"台北二"	null	null	130.0	30
095年06月10日	"台北一"	null	null	129.7	65
095年06月11日	"台北一"	null	null	70.0	15
095年06月13日	"台北二"	null	null	130.0	25
095年06月13日	"台北一"	null	null	83.5	117
095年06月14日	"台北二"	null	null	80.0	9
095年06月15日	"台北二"	null	null	115.1	23
095年06月15日	"台北一"	null	null	161.0	47
095年06月17日	"台北二"	null	null	106.7	50
095年06月17日	"台北一"	null	null	120.0	77
095年06月18日	"台北二"	null	null	100.0	15
095年06月18日	"台北一"	null	null	110.0	15
095年06月20日	"台北一"	null	null	100.0	62
095年06月22日	"台北二"	null	null	116.1	33
095年06月22日	"台北一"	null	null	120.0	66
095年06月23日	"台北二"	null	null	94.1	29
095年06月23日	"台北一"	null	null	132.0	20
095年06月24日	"台北二"	null	null	110.0	25
095年06月24日	"台北一"	null	null	130.0	50
095年06月25日	"台北一"	null	null	120.0	5
095年06月27日	"台北二"	null	null	120.0	20
095年06月27日	"台北一"	null	null	130.0	66
095年06月28日	"台北二"	null	null	100.0	15
095年06月28日	"台北一"	null	null	130.0	20
095年06月29日	"台北二"	null	null	125.0	20
095年06月29日	"台北一"	null	null	130.0	49
096年06月02日	"台北二"	null	null	60.0	20
096年06月02日	"台北一"	null	null	50.3	132
096年06月05日	"台北一"	null	null	55.0	40
096年06月06日	"台北二"	null	null	30.0	4
096年06月07日	"台北二"	null	null	55.0	15
096年06月07日	"台北一"	null	null	60.6	95
096年06月08日	"台北二"	null	null	15.0	10
096年06月08日	"台北一"	null	null	54.6	45
096年06月09日	"台北二"	null	null	62.0	25
096年06月09日	"台北一"	null	null	57.4	102
096年06月10日	"台北二"	null	null	50.0	15
096年06月10日	"台北一"	null	null	54.7	52
096年06月12日	"台北二"	null	null	35.0	5
096年06月12日	"台北一"	null	null	20.0	10
096年06月13日	"台北二"	null	null	70.0	15
096年06月13日	"台北一"	null	null	60.0	49
096年06月14日	"台北二"	null	null	25.0	10
096年06月14日	"台北一"	null	null	55.0	65
096年06月15日	"台北二"	null	null	66.9	20
096年06月15日	"台北一"	null	null	51.7	120
096年06月16日	"台北二"	null	null	51.7	29
096年06月16日	"台北一"	null	null	55.5	82
096年06月17日	"台北一"	null	null	70.0	7
096年06月18日	"台北一"	null	null	70.0	7
096年06月19日	"台北一"	null	null	47.1	17
096年06月22日	"台北一"	null	null	76.8	41
096年06月23日	"台北二"	null	null	88.0	10
096年06月23日	"台北一"	null	null	61.5	119
096年06月24日	"台北二"	null	null	55.0	7
096年06月24日	"台北一"	null	null	66.4	65
096年06月26日	"台北二"	null	null	58.9	27
096年06月26日	"台北一"	null	null	52.6	110
096年06月27日	"台北二"	null	null	65.0	15
096年06月27日	"台北一"	null	null	41.2	142
096年06月28日	"台北二"	null	null	26.7	55
096年06月28日	"台北一"	null	null	54.6	63
096年06月29日	"台北二"	null	null	30.0	12
096年06月29日	"台北一"	null	null	40.0	74
096年06月30日	"台北二"	null	null	46.3	32
096年06月30日	"台北一"	null	null	55.0	73
097年06月01日	"台北二"	null	null	50.7	30
097年06月01日	"台北一"	null	null	42.8	161
097年06月03日	"台北二"	null	null	45.0	20
097年06月03日	"台北一"	null	null	50.7	113
097年06月04日	"台北一"	null	null	48.9	90
097年06月05日	"台北一"	null	null	45.8	40
097年06月06日	"台北一"	null	null	52.2	30
097年06月07日	"台北二"	null	null	25.0	11
097年06月07日	"台北一"	null	null	50.0	45
097年06月08日	"台北二"	null	null	65.0	7
097年06月08日	"台北一"	null	null	45.8	121
097年06月11日	"台北二"	null	null	38.3	25
097年06月11日	"台北一"	null	null	47.8	139
097年06月12日	"台北二"	null	null	60.0	15
097年06月12日	"台北一"	null	null	37.7	131
097年06月13日	"台北一"	null	null	25.0	90
097年06月14日	"台北二"	null	null	45.0	15
097年06月14日	"台北一"	null	null	25.0	106
097年06月15日	"台北二"	null	null	35.0	9
097年06月15日	"台北一"	null	null	53.5	33
097年06月17日	"台北一"	null	null	58.3	25
097年06月18日	"台北一"	null	null	51.8	49
097年06月19日	"台北二"	null	null	62.9	22
097年06月19日	"台北一"	null	null	50.0	65
097年06月20日	"台北一"	null	null	48.6	38
097年06月21日	"台北一"	null	null	60.0	42
097年06月22日	"台北一"	null	null	49.5	63
097年06月24日	"台北二"	null	null	80.0	15
097年06月24日	"台北一"	null	null	54.4	82
097年06月25日	"台北一"	null	null	48.7	42
097年06月26日	"台北一"	null	null	50.0	17
097年06月27日	"台北二"	null	null	85.0	15
097年06月27日	"台北一"	null	null	39.6	122
097年06月28日	"台北一"	null	null	53.5	68
097年06月29日	"台北一"	null	null	52.2	59
098年06月02日	"台北二"	null	null	35.0	10
098年06月02日	"台北一"	null	null	43.8	62
098年06月03日	"台北一"	null	null	41.2	42
098年06月04日	"台北一"	null	null	35.0	24
098年06月06日	"台北一"	null	null	36.9	79
098年06月07日	"台北二"	null	null	30.0	10
098年06月07日	"台北一"	null	null	29.2	32
098年06月09日	"台北二"	null	null	30.0	10
098年06月09日	"台北一"	null	null	45.7	34
098年06月10日	"台北一"	null	null	52.1	38
098年06月11日	"台北二"	null	null	50.0	10
098年06月11日	"台北一"	null	null	65.6	46
098年06月13日	"台北二"	null	null	37.0	10
098年06月13日	"台北一"	null	null	39.0	93
098年06月14日	"台北二"	null	null	35.0	18
098年06月14日	"台北一"	null	null	33.6	36
098年06月17日	"台北一"	null	null	35.0	25
098年06月18日	"台北一"	null	null	48.3	37
098年06月19日	"台北一"	null	null	40.0	16
098年06月20日	"台北二"	null	null	36.3	28
098年06月20日	"台北一"	null	null	40.0	28
098年06月21日	"台北一"	null	null	30.3	39
098年06月23日	"台北一"	null	null	45.0	20
098年06月24日	"台北一"	null	null	35.0	24
098年06月25日	"台北二"	null	null	45.0	15
098年06月25日	"台北一"	null	null	35.4	70
098年06月27日	"台北二"	null	null	35.0	14
098年06月27日	"台北一"	null	null	45.0	40
098年06月27日	"高雄市"	null	null	50.0	10
098年06月28日	"台北二"	null	null	40.0	12
098年06月30日	"台北二"	null	null	30.0	10
098年06月30日	"台北一"	null	null	41.8	17
099年06月01日	"台北一"	null	null	39.3	27
099年06月02日	"台北一"	null	null	41.3	24
099年06月03日	"台北一"	null	null	29.2	39
099年06月05日	"台北一"	null	null	80.0	10
099年06月10日	"台北一"	null	null	76.7	20
099年06月11日	"台北一"	null	null	85.0	8
099年06月13日	"台北一"	null	null	101.0	10
099年06月15日	"台北一"	null	null	90.0	8
099年06月16日	"台北一"	null	null	80.0	5
099年06月19日	"台北一"	null	null	74.2	22
099年06月20日	"台北一"	null	null	105.0	10
099年06月22日	"台北一"	null	null	76.2	26
099年06月23日	"台北一"	null	null	80.0	10
099年06月24日	"台北一"	null	null	62.0	16
099年06月25日	"台北一"	null	null	92.0	6
099年06月26日	"台北一"	null	null	70.0	14
099年06月29日	"台北一"	null	null	77.6	29
099年06月30日	"台北一"	null	null	80.0	10
100年06月05日	"台北一"	null	null	55.0	14
100年06月09日	"台北一"	null	null	60.0	23
100年06月11日	"台北一"	null	null	47.6	32
100年06月14日	"台北一"	null	null	4.0	10
100年06月16日	"台北一"	null	null	45.0	14
100年06月21日	"台北一"	null	null	50.0	8
100年06月23日	"台北一"	null	null	39.2	26
100年06月28日	"台北一"	null	null	63.0	10
100年06月30日	"台北一"	null	null	60.0	8
101年06月02日	"台北二"	null	null	40.0	8
101年06月02日	"台北一"	null	null	69.0	8
101年06月03日	"台北一"	null	null	13.7	19
101年06月05日	"台北二"	null	null	45.0	8
101年06月05日	"台北一"	null	null	42.2	15
101年06月08日	"三重市"	null	null	35.0	44
101年06月09日	"三重市"	null	null	40.0	43
101年06月10日	"台北二"	null	null	55.0	8
101年06月10日	"台北一"	null	null	101.0	8
101年06月16日	"台北二"	null	null	40.0	8
101年06月17日	"台北一"	null	null	7.0	9
101年06月21日	"台北一"	null	null	44.0	9
101年06月27日	"台北一"	null	null	90.0	7
101年06月27日	"三重市"	null	null	35.0	11
102年06月08日	"台北二"	null	null	40.0	5
102年06月19日	"台北一"	null	null	19.6	13
102年06月26日	"台北一"	null	null	5.0	20
102年06月27日	"台北一"	null	null	7.3	19
102年06月28日	"台北二"	null	null	25.0	8
095年03月01日	"台北一"	null	null	80.0	10
095年03月02日	"台北二"	null	null	150.0	20
095年03月02日	"台北一"	null	null	220.0	41
095年03月03日	"台北二"	null	null	170.0	20
095年03月03日	"台北一"	null	null	203.0	36
095年03月04日	"台北二"	null	null	190.0	20
095年03月04日	"台北一"	null	null	206.0	43
095年03月05日	"台北一"	null	null	135.0	14
095年03月07日	"台北二"	null	null	209.6	20
095年03月07日	"台北一"	null	null	210.0	39
095年03月09日	"台北一"	null	null	200.0	7
095年03月10日	"台北二"	null	null	210.0	20
095年03月10日	"台北一"	null	null	203.0	39
095年03月11日	"台北二"	null	null	205.0	20
095年03月11日	"台北一"	null	null	200.0	46
095年03月12日	"台北二"	null	null	90.0	17
095年03月14日	"台北二"	null	null	200.0	20
095年03月14日	"台北一"	null	null	234.0	44
095年03月16日	"台北二"	null	null	160.0	16
095年03月17日	"台北二"	null	null	200.0	25
095年03月17日	"台北一"	null	null	223.0	59
095年03月18日	"台北二"	null	null	205.0	20
095年03月18日	"台北一"	null	null	200.0	54
095年03月19日	"台北二"	null	null	120.0	14
095年03月19日	"台北一"	null	null	90.0	16
095年03月22日	"台北二"	null	null	200.0	10
095年03月22日	"台北一"	null	null	120.0	8
095年03月23日	"台北二"	null	null	153.3	36
095年03月23日	"台北一"	null	null	200.0	55
095年03月24日	"台北二"	null	null	190.0	15
095年03月24日	"台北一"	null	null	194.1	45
095年03月25日	"台北二"	null	null	190.0	20
095年03月25日	"台北一"	null	null	160.0	45
095年03月26日	"台北二"	null	null	125.0	14
095年03月26日	"台北一"	null	null	115.0	12
095年03月29日	"台北二"	null	null	159.3	45
095年03月29日	"台北一"	null	null	188.7	76
095年03月31日	"台北二"	null	null	200.0	25
095年03月31日	"台北一"	null	null	180.0	60
096年03月01日	"台北二"	null	null	70.0	10
096年03月01日	"台北一"	null	null	122.6	36
096年03月02日	"台北二"	null	null	67.8	15
096年03月02日	"台北一"	null	null	96.8	76
096年03月03日	"台北二"	null	null	70.0	10
096年03月03日	"台北一"	null	null	70.8	72
096年03月08日	"台北一"	null	null	83.8	52
096年03月10日	"台北二"	null	null	100.0	15
096年03月10日	"台北一"	null	null	94.8	68
096年03月15日	"台北二"	null	null	115.0	10
096年03月15日	"台北一"	null	null	97.3	57
096年03月17日	"台北二"	null	null	105.0	10
096年03月17日	"台北一"	null	null	110.0	50
096年03月20日	"台北二"	null	null	96.1	15
096年03月20日	"台北一"	null	null	70.0	59
096年03月22日	"台北二"	null	null	105.0	20
096年03月22日	"台北一"	null	null	88.6	65
096年03月23日	"台北二"	null	null	52.2	13
096年03月24日	"台北二"	null	null	80.0	15
096年03月24日	"台北一"	null	null	112.0	57
096年03月27日	"台北二"	null	null	80.0	20
096年03月27日	"台北一"	null	null	100.0	61
096年03月29日	"台北二"	null	null	90.0	15
096年03月29日	"台北一"	null	null	90.0	66
096年03月31日	"台北二"	null	null	85.0	20
096年03月31日	"台北一"	null	null	90.0	73
097年03月01日	"台北一"	null	null	75.9	32
097年03月02日	"台北一"	null	null	75.0	20
097年03月04日	"台北二"	null	null	55.0	15
097年03月04日	"台北一"	null	null	71.2	85
097年03月05日	"台北一"	null	null	55.9	40
097年03月06日	"台北二"	null	null	30.0	8
097年03月06日	"台北一"	null	null	62.1	35
097年03月07日	"台北二"	null	null	65.0	15
097年03月07日	"台北一"	null	null	70.0	54
097年03月08日	"台北二"	null	null	70.0	6
097年03月08日	"台北一"	null	null	65.0	19
097年03月09日	"台北一"	null	null	57.5	20
097年03月11日	"台北二"	null	null	67.5	20
097年03月11日	"台北一"	null	null	62.9	111
097年03月12日	"台北二"	null	null	70.0	10
097年03月12日	"台北一"	null	null	64.3	35
097年03月13日	"台北二"	null	null	52.1	31
097年03月13日	"台北一"	null	null	50.7	78
097年03月14日	"台北一"	null	null	42.5	20
097年03月16日	"台北一"	null	null	75.8	32
097年03月18日	"台北二"	null	null	80.0	10
097年03月18日	"台北一"	null	null	52.3	116
097年03月19日	"台北一"	null	null	29.3	50
097年03月20日	"台北二"	null	null	77.4	21
097年03月20日	"台北一"	null	null	54.0	101
097年03月21日	"台北二"	null	null	50.0	36
097年03月21日	"台北一"	null	null	50.0	18
097年03月22日	"台北二"	null	null	45.0	5
097年03月22日	"台北一"	null	null	55.0	10
097年03月23日	"台北一"	null	null	58.7	36
097年03月25日	"台北二"	null	null	80.0	15
097年03月25日	"台北一"	null	null	54.9	117
097年03月26日	"台北二"	null	null	70.0	10
097年03月26日	"台北一"	null	null	50.4	40
097年03月27日	"台北二"	null	null	60.0	8
097年03月27日	"台北一"	null	null	53.0	56
097年03月28日	"台北二"	null	null	48.3	25
097年03月28日	"台北一"	null	null	70.3	64
097年03月29日	"台北二"	null	null	42.2	15
097年03月29日	"台北一"	null	null	61.8	36
097年03月30日	"台北二"	null	null	30.0	8
097年03月30日	"台北一"	null	null	55.0	9
098年03月03日	"台北二"	null	null	50.0	14
098年03月03日	"台北一"	null	null	45.0	14
098年03月04日	"台北二"	null	null	60.0	10
098年03月04日	"台北一"	null	null	50.0	31
098年03月05日	"台北一"	null	null	43.2	34
098年03月06日	"台北一"	null	null	42.9	32
098年03月07日	"台北二"	null	null	62.0	16
098年03月07日	"台北一"	null	null	34.5	41
098年03月07日	"高雄市"	null	null	60.0	10
098年03月10日	"台北二"	null	null	65.0	18
098年03月11日	"台北二"	null	null	55.0	21
098年03月11日	"台北一"	null	null	49.8	53
098年03月14日	"台北二"	null	null	40.0	20
098年03月14日	"台北一"	null	null	47.5	40
098年03月15日	"台北一"	null	null	50.0	20
098年03月17日	"台北二"	null	null	33.5	16
098年03月17日	"台北一"	null	null	67.7	32
098年03月17日	"高雄市"	null	null	60.0	20
098年03月18日	"台北一"	null	null	50.0	20
098年03月19日	"台北二"	null	null	55.0	20
098年03月19日	"台北一"	null	null	50.0	39
098年03月21日	"台北二"	null	null	45.0	10
098年03月21日	"台北一"	null	null	61.7	34
098年03月24日	"台北二"	null	null	30.0	10
098年03月24日	"台北一"	null	null	50.0	20
098年03月25日	"台北一"	null	null	60.0	16
098年03月26日	"台北一"	null	null	61.0	14
098年03月27日	"台北一"	null	null	50.0	20
098年03月28日	"台北二"	null	null	50.0	10
098年03月28日	"台北一"	null	null	49.9	68
098年03月29日	"台北一"	null	null	45.0	20
098年03月31日	"台北二"	null	null	57.0	10
098年03月31日	"台北一"	null	null	46.0	40
099年03月03日	"台北二"	null	null	80.0	10
099年03月03日	"台北一"	null	null	55.0	20
099年03月04日	"台北一"	null	null	170.0	8
099年03月06日	"台北二"	null	null	60.0	10
099年03月06日	"台北一"	null	null	120.0	10
099年03月07日	"台北一"	null	null	126.0	10
099年03月09日	"台北一"	null	null	100.0	15
099年03月10日	"台北二"	null	null	55.0	10
099年03月10日	"台北一"	null	null	100.0	10
099年03月11日	"台北二"	null	null	60.0	20
099年03月11日	"台北一"	null	null	78.0	44
099年03月13日	"台北一"	null	null	70.0	10
099年03月16日	"台北二"	null	null	35.0	2
099年03月16日	"台北一"	null	null	80.0	24
099年03月17日	"台北一"	null	null	75.0	10
099年03月20日	"台北二"	null	null	70.0	9
099年03月20日	"台北一"	null	null	90.0	10
099年03月21日	"台北一"	null	null	73.7	18
099年03月23日	"台北一"	null	null	80.0	10
099年03月24日	"台北一"	null	null	70.0	10
099年03月26日	"台北一"	null	null	50.0	14
099年03月27日	"台北二"	null	null	55.0	10
099年03月27日	"台北一"	null	null	70.0	10
099年03月28日	"台北一"	null	null	65.0	10
099年03月30日	"台北一"	null	null	61.8	27
099年03月31日	"台北一"	null	null	60.0	10
100年03月03日	"台北一"	null	null	160.0	7
100年03月15日	"台北一"	null	null	150.0	7
100年03月22日	"台北一"	null	null	95.0	14
101年03月03日	"台北一"	null	null	60.0	7
101年03月04日	"台北一"	null	null	50.0	7
101年03月10日	"台北二"	null	null	95.0	7
101年03月10日	"台北一"	null	null	80.0	14
101年03月13日	"台北二"	null	null	100.0	7
101年03月13日	"台北一"	null	null	72.0	14
101年03月17日	"台北二"	null	null	95.0	16
101年03月17日	"台北一"	null	null	60.0	8
101年03月18日	"台北二"	null	null	7.9	108
101年03月20日	"台北二"	null	null	88.0	8
101年03月24日	"台北二"	null	null	90.0	8
101年03月24日	"台北一"	null	null	53.0	2
101年03月25日	"台北一"	null	null	60.0	8
101年03月27日	"台北二"	null	null	70.0	8
101年03月27日	"台北一"	null	null	40.0	7
101年03月31日	"台北二"	null	null	70.0	8
101年03月31日	"台北一"	null	null	70.0	8
095年05月02日	"台北二"	null	null	140.0	20
095年05月02日	"台北一"	null	null	170.0	65
095年05月04日	"台北二"	null	null	140.0	20
095年05月04日	"台北一"	null	null	170.0	57
095年05月05日	"台北一"	null	null	200.0	25
095年05月06日	"台北二"	null	null	175.0	20
095年05月06日	"台北一"	null	null	170.0	61
095年05月07日	"台北二"	null	null	180.0	15
095年05月07日	"台北一"	null	null	160.0	48
095年05月09日	"台北二"	null	null	150.0	15
095年05月09日	"台北一"	null	null	162.0	41
095年05月10日	"台北二"	null	null	155.0	15
095年05月10日	"台北一"	null	null	150.0	46
095年05月11日	"台北二"	null	null	155.0	15
095年05月11日	"台北一"	null	null	126.9	52
095年05月13日	"台北二"	null	null	155.0	15
095年05月13日	"台北一"	null	null	177.5	56
095年05月14日	"台北二"	null	null	130.0	10
095年05月16日	"台北二"	null	null	130.0	20
095年05月16日	"台北一"	null	null	150.0	54
095年05月17日	"台北二"	null	null	160.0	15
095年05月17日	"台北一"	null	null	165.0	53
095年05月18日	"台北二"	null	null	130.0	15
095年05月18日	"台北一"	null	null	120.0	58
095年05月20日	"台北二"	null	null	131.0	12
095年05月21日	"台北二"	null	null	97.7	17
095年05月23日	"台北二"	null	null	110.0	20
095年05月23日	"台北一"	null	null	164.0	60
095年05月25日	"台北二"	null	null	115.0	15
095年05月25日	"台北一"	null	null	190.0	34
095年05月27日	"台北二"	null	null	120.0	20
095年05月27日	"台北一"	null	null	150.0	60
095年05月28日	"台北二"	null	null	92.5	32
095年05月28日	"台北一"	null	null	125.0	43
096年05月01日	"台北二"	null	null	80.0	20
096年05月01日	"台北一"	null	null	79.5	58
096年05月02日	"台北一"	null	null	60.0	12
096年05月03日	"台北二"	null	null	62.5	20
096年05月03日	"台北一"	null	null	65.1	88
096年05月04日	"台北一"	null	null	64.9	35
096年05月05日	"台北二"	null	null	60.0	20
096年05月05日	"台北一"	null	null	62.8	98
096年05月08日	"台北二"	null	null	65.0	20
096年05月08日	"台北一"	null	null	62.0	62
096年05月09日	"台北一"	null	null	63.0	25
096年05月10日	"台北一"	null	null	57.4	110
096年05月11日	"台北一"	null	null	55.3	20
096年05月12日	"台北二"	null	null	80.0	15
096年05月12日	"台北一"	null	null	60.0	55
096年05月13日	"台北二"	null	null	60.0	15
096年05月13日	"台北一"	null	null	60.0	55
096年05月15日	"台北二"	null	null	65.0	20
096年05月15日	"台北一"	null	null	56.9	91
096年05月17日	"台北二"	null	null	58.0	10
096年05月17日	"台北一"	null	null	56.0	55
096年05月18日	"台北一"	null	null	58.3	50
096年05月19日	"台北二"	null	null	69.4	19
096年05月19日	"台北一"	null	null	54.6	60
096年05月22日	"台北二"	null	null	65.0	15
096年05月22日	"台北一"	null	null	71.1	56
096年05月23日	"台北一"	null	null	59.2	60
096年05月24日	"台北二"	null	null	70.0	20
096年05月24日	"台北一"	null	null	60.0	108
096年05月25日	"台北一"	null	null	60.0	50
096年05月26日	"台北二"	null	null	80.0	20
096年05月26日	"台北一"	null	null	60.1	116
096年05月27日	"台北二"	null	null	52.7	15
096年05月27日	"台北一"	null	null	60.2	38
096年05月29日	"台北二"	null	null	60.0	20
096年05月29日	"台北一"	null	null	59.9	90
096年05月30日	"台北一"	null	null	50.0	55
096年05月31日	"台北二"	null	null	35.0	20
096年05月31日	"台北一"	null	null	49.7	119
097年05月01日	"台北二"	null	null	46.2	17
097年05月01日	"台北一"	null	null	54.3	90
097年05月02日	"台北一"	null	null	53.0	45
097年05月03日	"台北一"	null	null	80.0	10
097年05月04日	"台北一"	null	null	80.0	35
097年05月06日	"台北二"	null	null	65.0	15
097年05月06日	"台北一"	null	null	62.2	135
097年05月07日	"台北一"	null	null	49.8	84
097年05月08日	"台北一"	null	null	49.2	128
097年05月09日	"台北一"	null	null	53.3	33
097年05月10日	"台北一"	null	null	58.6	35
097年05月11日	"台北一"	null	null	56.2	35
097年05月13日	"台北二"	null	null	65.0	15
097年05月13日	"台北一"	null	null	49.6	144
097年05月14日	"台北一"	null	null	40.0	87
097年05月14日	"三重市"	null	null	35.0	9
097年05月15日	"台北二"	null	null	65.0	15
097年05月15日	"台北一"	null	null	49.4	130
097年05月16日	"台北一"	null	null	60.8	50
097年05月17日	"台北一"	null	null	59.3	35
097年05月18日	"台北二"	null	null	55.0	15
097年05月18日	"台北一"	null	null	59.2	92
097年05月20日	"台北二"	null	null	20.0	7
097年05月20日	"台北一"	null	null	61.0	20
097年05月21日	"台北一"	null	null	62.5	40
097年05月22日	"台北二"	null	null	65.0	15
097年05月22日	"台北一"	null	null	55.2	107
097年05月23日	"台北一"	null	null	58.6	35
097年05月24日	"台北二"	null	null	75.0	15
097年05月24日	"台北一"	null	null	51.0	79
097年05月25日	"台北一"	null	null	55.3	35
097年05月27日	"台北二"	null	null	65.0	15
097年05月27日	"台北一"	null	null	56.2	92
097年05月28日	"台北一"	null	null	61.7	35
097年05月29日	"台北二"	null	null	48.0	20
097年05月29日	"台北一"	null	null	47.6	137
097年05月30日	"台北一"	null	null	52.1	55
097年05月31日	"台北一"	null	null	47.8	88
098年05月01日	"台北一"	null	null	51.4	15
098年05月02日	"台北二"	null	null	55.0	20
098年05月02日	"台北一"	null	null	60.0	53
098年05月03日	"台北一"	null	null	66.0	19
098年05月05日	"台北二"	null	null	20.0	6
098年05月05日	"台北一"	null	null	48.5	41
098年05月06日	"台北二"	null	null	50.0	10
098年05月06日	"台北一"	null	null	47.0	93
098年05月07日	"台北一"	null	null	45.0	22
098年05月08日	"台北二"	null	null	30.0	10
098年05月08日	"台北一"	null	null	45.0	20
098年05月09日	"台北二"	null	null	35.0	20
098年05月09日	"台北一"	null	null	47.3	101
098年05月10日	"台北一"	null	null	38.0	30
098年05月12日	"台北二"	null	null	41.3	16
098年05月12日	"台北一"	null	null	55.0	30
098年05月13日	"台北一"	null	null	44.6	40
098年05月14日	"台北一"	null	null	20.0	12
098年05月15日	"台北一"	null	null	49.6	46
098年05月16日	"台北二"	null	null	33.6	16
098年05月16日	"台北一"	null	null	42.5	100
098年05月17日	"台北一"	null	null	37.4	42
098年05月19日	"台北二"	null	null	27.0	38
098年05月19日	"台北一"	null	null	22.6	66
098年05月20日	"台北二"	null	null	15.0	6
098年05月20日	"台北一"	null	null	43.6	41
098年05月21日	"台北一"	null	null	44.2	39
098年05月23日	"台北二"	null	null	42.3	26
098年05月23日	"台北一"	null	null	37.3	99
098年05月24日	"台北二"	null	null	30.0	12
098年05月26日	"台北二"	null	null	25.0	10
098年05月26日	"台北一"	null	null	38.0	46
098年05月27日	"台北一"	null	null	35.0	12
098年05月31日	"台北二"	null	null	25.0	7
098年05月31日	"台北一"	null	null	32.1	56
099年05月01日	"台北一"	null	null	70.4	24
099年05月04日	"台北一"	null	null	54.7	22
099年05月05日	"台北二"	null	null	60.0	10
099年05月05日	"台北一"	null	null	50.0	16
099年05月08日	"台北一"	null	null	90.0	10
099年05月11日	"台北一"	null	null	80.0	10
099年05月12日	"台北一"	null	null	72.6	28
099年05月13日	"台北一"	null	null	16.4	56
099年05月14日	"台北一"	null	null	17.4	87
099年05月15日	"台北二"	null	null	60.0	10
099年05月15日	"台北一"	null	null	28.6	45
099年05月16日	"台北一"	null	null	76.3	45
099年05月18日	"台北一"	null	null	13.1	48
099年05月19日	"台北一"	null	null	28.7	35
099年05月20日	"台北一"	null	null	21.1	36
099年05月21日	"台北一"	null	null	80.0	10
099年05月22日	"台北一"	null	null	63.7	18
099年05月25日	"台北一"	null	null	60.0	8
099年05月26日	"台北一"	null	null	91.8	15
099年05月27日	"台北一"	null	null	68.2	22
099年05月29日	"台北一"	null	null	66.1	18
099年05月30日	"台北一"	null	null	80.0	10
100年05月01日	"台北一"	null	null	130.0	8
100年05月07日	"台北一"	null	null	100.0	14
100年05月08日	"台北一"	null	null	100.0	9
100年05月12日	"台北一"	null	null	90.0	12
100年05月15日	"台北一"	null	null	100.0	9
100年05月17日	"台北一"	null	null	90.0	14
100年05月26日	"台北一"	null	null	69.1	21
100年05月28日	"台北一"	null	null	80.0	13
101年05月02日	"三重市"	null	null	50.0	57
101年05月04日	"三重市"	null	null	50.0	30
101年05月05日	"台北二"	null	null	100.0	8
101年05月05日	"台北一"	null	null	79.3	17
101年05月05日	"三重市"	null	null	50.0	24
101年05月06日	"台北二"	null	null	80.0	8
101年05月06日	"台北一"	null	null	60.0	8
101年05月09日	"三重市"	null	null	50.0	28
101年05月11日	"台北一"	null	null	8.0	13
101年05月12日	"台北二"	null	null	80.0	8
101年05月12日	"台北一"	null	null	70.0	8
101年05月15日	"台北二"	null	null	60.0	8
101年05月15日	"台北一"	null	null	50.0	8
101年05月18日	"三重市"	null	null	50.0	52
101年05月19日	"台北二"	null	null	95.0	8
101年05月19日	"台北一"	null	null	23.6	22
101年05月20日	"台北一"	null	null	10.0	12
101年05月22日	"台北二"	null	null	60.0	8
101年05月22日	"台北一"	null	null	50.0	8
101年05月26日	"台北二"	null	null	63.9	11
101年05月26日	"台北一"	null	null	66.0	8
101年05月31日	"台北一"	null	null	16.4	12
102年05月07日	"台北一"	null	null	50.0	3
102年05月08日	"台北一"	null	null	230.0	5
102年05月16日	"台北一"	null	null	3.0	15
102年05月21日	"台北一"	null	null	20.0	7
102年05月24日	"台北一"	null	null	15.0	8
102年05月25日	"台北一"	null	null	25.6	15
095年11月01日	"台北二"	null	null	80.0	15
095年11月01日	"台北一"	null	null	95.0	57
095年11月02日	"台北二"	null	null	80.0	15
095年11月02日	"台北一"	null	null	91.4	49
095年11月04日	"台北二"	null	null	80.0	25
095年11月04日	"台北一"	null	null	80.0	101
095年11月07日	"台北二"	null	null	80.0	20
095年11月07日	"台北一"	null	null	100.0	65
095年11月08日	"台北二"	null	null	80.0	10
095年11月08日	"台北一"	null	null	100.0	39
095年11月09日	"台北二"	null	null	54.5	39
095年11月09日	"台北一"	null	null	80.3	64
095年11月11日	"台北二"	null	null	90.0	25
095年11月11日	"台北一"	null	null	92.8	75
095年11月14日	"台北二"	null	null	105.0	15
095年11月14日	"台北一"	null	null	87.4	81
095年11月15日	"台北一"	null	null	130.0	12
095年11月16日	"台北二"	null	null	120.0	15
095年11月16日	"台北一"	null	null	92.2	54
095年11月17日	"台北一"	null	null	95.0	12
095年11月18日	"台北二"	null	null	118.9	15
095年11月18日	"台北一"	null	null	89.3	59
095年11月21日	"台北二"	null	null	67.5	30
095年11月21日	"台北一"	null	null	80.2	80
095年11月23日	"台北二"	null	null	85.0	15
095年11月23日	"台北一"	null	null	92.3	57
095年11月25日	"台北二"	null	null	92.0	25
095年11月25日	"台北一"	null	null	100.0	60
095年11月28日	"台北二"	null	null	100.0	15
095年11月28日	"台北一"	null	null	100.0	50
095年11月30日	"台北二"	null	null	85.0	15
095年11月30日	"台北一"	null	null	100.0	45
096年11月01日	"台北二"	null	null	71.0	34
096年11月01日	"台北一"	null	null	73.4	104
096年11月02日	"台北二"	null	null	63.0	10
096年11月03日	"台北二"	null	null	66.1	31
096年11月03日	"台北一"	null	null	78.8	69
096年11月04日	"台北一"	null	null	80.0	22
096年11月06日	"台北二"	null	null	62.5	20
096年11月06日	"台北一"	null	null	67.2	108
096年11月07日	"台北一"	null	null	48.5	45
096年11月08日	"台北二"	null	null	65.0	20
096年11月08日	"台北一"	null	null	43.9	120
096年11月09日	"台北一"	null	null	65.0	12
096年11月10日	"台北二"	null	null	55.0	25
096年11月13日	"台北二"	null	null	50.0	15
096年11月13日	"台北一"	null	null	72.2	64
096年11月14日	"台北一"	null	null	14.5	43
096年11月15日	"台北二"	null	null	75.0	15
096年11月15日	"台北一"	null	null	68.0	46
096年11月16日	"台北一"	null	null	37.8	18
096年11月17日	"台北二"	null	null	68.0	15
096年11月17日	"台北一"	null	null	85.0	64
096年11月18日	"台北一"	null	null	50.0	3
096年11月20日	"台北二"	null	null	67.0	10
096年11月20日	"台北一"	null	null	80.0	41
096年11月21日	"台北二"	null	null	62.0	15
096年11月21日	"台北一"	null	null	65.0	12
096年11月22日	"台北二"	null	null	70.0	10
096年11月22日	"台北一"	null	null	61.9	78
096年11月23日	"台北一"	null	null	55.0	37
096年11月24日	"台北二"	null	null	41.0	25
096年11月24日	"台北一"	null	null	57.1	102
096年11月25日	"台北一"	null	null	32.5	20
096年11月27日	"台北二"	null	null	65.0	20
096年11月27日	"台北一"	null	null	57.4	95
096年11月28日	"台北一"	null	null	50.0	24
096年11月29日	"台北二"	null	null	55.0	15
096年11月29日	"台北一"	null	null	55.0	67
097年11月01日	"台北二"	null	null	65.0	25
097年11月01日	"台北一"	null	null	50.0	23
097年11月02日	"台北一"	null	null	108.0	10
097年11月04日	"台北二"	null	null	55.0	20
097年11月04日	"台北一"	null	null	75.0	17
097年11月05日	"台北二"	null	null	20.0	6
097年11月05日	"台北一"	null	null	60.0	16
097年11月06日	"台北一"	null	null	60.8	36
097年11月07日	"台北一"	null	null	60.0	20
097年11月08日	"台北一"	null	null	54.6	40
097年11月11日	"台北二"	null	null	50.0	7
097年11月12日	"台北二"	null	null	51.5	34
097年11月12日	"台北一"	null	null	39.5	95
097年11月13日	"台北二"	null	null	43.5	12
097年11月14日	"台北一"	null	null	40.0	20
097年11月15日	"台北二"	null	null	65.0	20
097年11月15日	"台北一"	null	null	58.2	42
097年11月22日	"台北二"	null	null	70.0	14
097年11月23日	"台北一"	null	null	80.0	24
097年11月25日	"台北二"	null	null	60.0	14
097年11月27日	"台北二"	null	null	60.0	7
097年11月29日	"台北二"	null	null	55.0	25
097年11月29日	"台北一"	null	null	82.2	39
097年11月30日	"台北一"	null	null	90.0	12
099年11月02日	"台北一"	null	null	53.0	39
099年11月03日	"台北二"	null	null	21.7	35
099年11月03日	"台北一"	null	null	55.0	10
099年11月06日	"台北二"	null	null	65.0	10
099年11月06日	"台北一"	null	null	55.0	10
099年11月09日	"台北一"	null	null	63.8	17
099年11月13日	"台北一"	null	null	70.0	6
099年11月14日	"台北一"	null	null	55.0	10
099年11月16日	"台北一"	null	null	60.0	7
099年11月17日	"台北二"	null	null	19.1	33
099年11月17日	"台北一"	null	null	50.0	10
099年11月20日	"台北二"	null	null	10.0	10
099年11月20日	"台北一"	null	null	70.0	6
099年11月24日	"台北二"	null	null	58.0	10
099年11月24日	"台北一"	null	null	55.0	10
099年11月27日	"台北二"	null	null	66.0	10
099年11月27日	"台北一"	null	null	90.0	10
099年11月30日	"台北一"	null	null	105.0	6
100年11月01日	"台北一"	null	null	55.0	6
100年11月04日	"台北一"	null	null	50.0	12
100年11月05日	"台北一"	null	null	5.0	24
100年11月12日	"台北一"	null	null	48.0	10
100年11月15日	"台北二"	null	null	25.0	15
100年11月15日	"台北一"	null	null	50.0	6
100年11月20日	"台北一"	null	null	50.0	10
100年11月22日	"台北一"	null	null	50.0	10
100年11月23日	"台北一"	null	null	91.0	10
100年11月27日	"台北一"	null	null	40.0	10
100年11月29日	"台北一"	null	null	50.0	6
101年11月04日	"台北二"	null	null	55.0	8
101年11月04日	"台北一"	null	null	35.0	8
101年11月11日	"台北一"	null	null	40.0	8
101年11月13日	"台北一"	null	null	40.0	6
101年11月22日	"台北一"	null	null	35.0	6
095年10月03日	"台北一"	null	null	91.5	99
095年10月04日	"台北一"	null	null	65.0	30
095年10月05日	"台北二"	null	null	85.0	20
095年10月05日	"台北一"	null	null	87.5	79
095年10月06日	"台北一"	null	null	40.0	15
095年10月10日	"台北二"	null	null	100.0	15
095年10月10日	"台北一"	null	null	97.2	27
095年10月11日	"台北二"	null	null	65.6	15
095年10月12日	"台北二"	null	null	70.0	15
095年10月12日	"台北一"	null	null	80.6	56
095年10月14日	"台北二"	null	null	95.0	20
095年10月14日	"台北一"	null	null	96.7	52
095年10月15日	"台北一"	null	null	30.0	27
095年10月17日	"台北二"	null	null	105.0	10
095年10月17日	"台北一"	null	null	98.2	66
095年10月18日	"台北一"	null	null	80.0	3
095年10月19日	"台北二"	null	null	85.0	15
095年10月19日	"台北一"	null	null	92.3	52
095年10月21日	"台北二"	null	null	75.0	15
095年10月21日	"台北一"	null	null	100.0	37
095年10月24日	"台北二"	null	null	100.0	15
095年10月24日	"台北一"	null	null	100.3	38
095年10月26日	"台北二"	null	null	100.0	15
095年10月26日	"台北一"	null	null	100.0	43
095年10月27日	"台北二"	null	null	95.0	10
095年10月27日	"台北一"	null	null	125.0	31
095年10月29日	"台北二"	null	null	105.0	15
095年10月29日	"台北一"	null	null	100.0	59
095年10月30日	"台北二"	null	null	100.0	10
095年10月30日	"台北一"	null	null	95.0	48
096年10月02日	"台北二"	null	null	70.0	20
096年10月02日	"台北一"	null	null	85.0	64
096年10月03日	"台北一"	null	null	60.0	6
096年10月04日	"台北二"	null	null	65.0	15
096年10月04日	"台北一"	null	null	82.0	53
096年10月06日	"台北二"	null	null	73.3	25
096年10月06日	"台北一"	null	null	64.6	82
096年10月07日	"台北二"	null	null	50.0	5
096年10月09日	"台北二"	null	null	55.0	10
096年10月09日	"台北一"	null	null	60.0	16
096年10月12日	"台北一"	null	null	60.0	30
096年10月13日	"台北二"	null	null	95.0	15
096年10月13日	"台北一"	null	null	70.0	65
096年10月16日	"台北二"	null	null	80.0	15
096年10月16日	"台北一"	null	null	90.8	50
096年10月17日	"台北一"	null	null	80.0	30
096年10月18日	"台北二"	null	null	90.0	10
096年10月18日	"台北一"	null	null	90.5	47
096年10月20日	"台北二"	null	null	85.0	15
096年10月20日	"台北一"	null	null	90.0	65
096年10月23日	"台北二"	null	null	108.0	15
096年10月23日	"台北一"	null	null	92.6	76
096年10月24日	"台北一"	null	null	82.9	56
096年10月25日	"台北二"	null	null	110.0	15
096年10月25日	"台北一"	null	null	82.9	79
096年10月26日	"台北二"	null	null	80.0	10
096年10月26日	"台北一"	null	null	70.0	10
096年10月27日	"台北二"	null	null	82.8	34
096年10月27日	"台北一"	null	null	88.4	92
096年10月28日	"台北一"	null	null	30.0	7
096年10月30日	"台北二"	null	null	75.0	20
096年10月30日	"台北一"	null	null	84.6	83
096年10月31日	"台北一"	null	null	75.0	30
097年10月01日	"台北一"	null	null	50.0	18
097年10月02日	"台北二"	null	null	65.0	25
097年10月02日	"台北一"	null	null	50.0	31
097年10月04日	"台北二"	null	null	73.7	26
097年10月04日	"台北一"	null	null	63.3	32
097年10月05日	"台北一"	null	null	102.0	12
097年10月07日	"台北二"	null	null	58.3	25
097年10月07日	"台北一"	null	null	50.0	24
097年10月09日	"台北二"	null	null	59.6	20
097年10月09日	"台北一"	null	null	49.3	50
097年10月11日	"台北二"	null	null	58.3	25
097年10月11日	"台北一"	null	null	77.0	21
097年10月12日	"台北一"	null	null	50.0	20
097年10月15日	"台北一"	null	null	72.0	21
097年10月16日	"台北一"	null	null	64.0	20
097年10月17日	"台北一"	null	null	47.1	32
097年10月18日	"台北二"	null	null	56.7	25
097年10月18日	"台北一"	null	null	60.3	45
097年10月19日	"台北一"	null	null	60.0	20
097年10月21日	"台北二"	null	null	70.0	20
097年10月21日	"台北一"	null	null	49.6	56
097年10月22日	"台北一"	null	null	37.2	60
097年10月23日	"台北二"	null	null	59.6	20
097年10月23日	"台北一"	null	null	44.2	55
097年10月24日	"台北一"	null	null	46.0	50
097年10月25日	"台北二"	null	null	55.0	20
097年10月25日	"台北一"	null	null	51.8	57
097年10月26日	"台北一"	null	null	42.8	43
097年10月28日	"台北二"	null	null	55.0	20
097年10月28日	"台北一"	null	null	50.0	25
097年10月29日	"台北一"	null	null	60.0	6
097年10月30日	"台北二"	null	null	65.0	7
098年10月01日	"台北一"	null	null	81.0	8
098年10月02日	"台北一"	null	null	70.0	14
098年10月06日	"台北二"	null	null	65.0	10
098年10月06日	"台北一"	null	null	85.0	10
098年10月07日	"台北一"	null	null	60.0	9
098年10月10日	"台北二"	null	null	65.0	10
098年10月10日	"台北一"	null	null	62.0	20
098年10月15日	"台北一"	null	null	55.2	34
098年10月17日	"台北二"	null	null	50.0	8
098年10月17日	"台北一"	null	null	47.1	29
098年10月20日	"台北一"	null	null	62.0	20
098年10月21日	"台北一"	null	null	60.0	10
098年10月22日	"台北一"	null	null	52.1	31
098年10月23日	"台北一"	null	null	60.0	10
098年10月24日	"台北二"	null	null	75.0	10
098年10月24日	"台北一"	null	null	57.0	18
098年10月25日	"台北二"	null	null	50.0	10
098年10月28日	"台北二"	null	null	40.0	10
098年10月28日	"台北一"	null	null	64.4	22
098年10月29日	"台北一"	null	null	60.0	10
098年10月31日	"台北一"	null	null	54.6	19
099年10月01日	"台北二"	null	null	75.0	10
099年10月03日	"台北一"	null	null	86.0	10
099年10月05日	"台北二"	null	null	45.0	10
099年10月05日	"台北一"	null	null	60.0	10
099年10月08日	"台北一"	null	null	52.7	25
099年10月09日	"台北一"	null	null	35.9	17
099年10月10日	"台北一"	null	null	55.0	10
099年10月13日	"台北二"	null	null	55.0	10
099年10月15日	"台北一"	null	null	70.0	10
099年10月16日	"台北一"	null	null	70.0	10
099年10月17日	"台北一"	null	null	60.0	10
099年10月20日	"台北二"	null	null	70.0	10
099年10月21日	"台北一"	null	null	50.0	12
099年10月22日	"台北一"	null	null	60.0	22
099年10月23日	"台北二"	null	null	72.0	10
099年10月23日	"台北一"	null	null	60.0	10
099年10月24日	"台北一"	null	null	50.0	10
099年10月29日	"台北一"	null	null	60.0	21
099年10月30日	"台北二"	null	null	48.3	16
099年10月30日	"台北一"	null	null	54.4	15
099年10月31日	"台北一"	null	null	55.0	10
100年10月02日	"台北一"	null	null	40.0	18
100年10月05日	"台北一"	null	null	55.0	10
100年10月08日	"台北一"	null	null	60.0	10
100年10月09日	"台北一"	null	null	50.0	10
100年10月11日	"台北一"	null	null	50.0	14
100年10月13日	"台北一"	null	null	64.0	12
100年10月22日	"台北一"	null	null	45.0	6
100年10月30日	"台北一"	null	null	55.0	7
101年10月05日	"台北一"	null	null	20.0	10
101年10月07日	"台北二"	null	null	60.0	8
101年10月07日	"台北一"	null	null	37.9	22
101年10月14日	"台北二"	null	null	50.0	8
101年10月14日	"台北一"	null	null	35.0	8
101年10月17日	"台北一"	null	null	35.0	15
101年10月21日	"台北二"	null	null	50.0	8
101年10月21日	"台北一"	null	null	50.0	8
101年10月26日	"台北一"	null	null	93.0	7
101年10月27日	"台北一"	null	null	47.3	10
101年10月28日	"台北二"	null	null	60.0	8
101年10月28日	"台北一"	null	null	50.0	8
101年10月30日	"台北二"	null	null	35.0	8
101年10月30日	"台北一"	null	null	40.0	8
095年09月01日	"台北一"	null	null	70.0	27
095年09月02日	"台北二"	null	null	102.5	20
095年09月02日	"台北一"	null	null	87.3	96
095年09月05日	"台北二"	null	null	130.0	15
095年09月05日	"台北一"	null	null	100.0	60
095年09月07日	"台北二"	null	null	100.0	25
095年09月07日	"台北一"	null	null	110.0	74
095年09月09日	"台北二"	null	null	110.0	30
095年09月09日	"台北一"	null	null	84.6	123
095年09月12日	"台北二"	null	null	85.0	30
095年09月12日	"台北一"	null	null	100.0	85
095年09月13日	"台北二"	null	null	100.0	15
095年09月13日	"台北一"	null	null	83.6	66
095年09月14日	"台北二"	null	null	100.0	15
095年09月14日	"台北一"	null	null	88.2	81
095年09月16日	"台北二"	null	null	100.0	30
095年09月16日	"台北一"	null	null	94.4	86
095年09月19日	"台北二"	null	null	105.0	15
095年09月19日	"台北一"	null	null	94.0	89
095年09月20日	"台北一"	null	null	87.9	42
095年09月21日	"台北二"	null	null	100.0	25
095年09月21日	"台北一"	null	null	80.0	112
095年09月22日	"台北一"	null	null	90.0	18
095年09月23日	"台北二"	null	null	110.0	25
095年09月23日	"台北一"	null	null	104.0	71
095年09月26日	"台北二"	null	null	95.0	25
095年09月26日	"台北一"	null	null	106.7	83
095年09月28日	"台北二"	null	null	95.0	20
095年09月28日	"台北一"	null	null	100.0	57
095年09月30日	"台北二"	null	null	90.0	30
095年09月30日	"台北一"	null	null	96.5	80
096年09月01日	"台北二"	null	null	78.0	15
096年09月01日	"台北一"	null	null	116.0	57
096年09月02日	"台北二"	null	null	65.0	9
096年09月02日	"台北一"	null	null	60.2	35
096年09月04日	"台北二"	null	null	80.0	15
096年09月04日	"台北一"	null	null	80.0	62
096年09月05日	"台北二"	null	null	65.0	24
096年09月05日	"台北一"	null	null	68.2	74
096年09月06日	"台北二"	null	null	70.0	10
096年09月06日	"台北一"	null	null	64.0	46
096年09月07日	"台北二"	null	null	76.0	5
096年09月07日	"台北一"	null	null	95.0	10
096年09月08日	"台北二"	null	null	71.1	22
096年09月08日	"台北一"	null	null	98.7	64
096年09月09日	"台北二"	null	null	65.0	8
096年09月09日	"台北一"	null	null	80.0	20
096年09月11日	"台北二"	null	null	68.3	25
096年09月11日	"台北一"	null	null	78.6	78
096年09月12日	"台北二"	null	null	66.0	7
096年09月12日	"台北一"	null	null	60.0	10
096年09月13日	"台北二"	null	null	80.0	10
096年09月13日	"台北一"	null	null	76.0	62
096年09月14日	"台北二"	null	null	60.0	9
096年09月14日	"台北一"	null	null	94.0	15
096年09月15日	"台北二"	null	null	65.0	15
096年09月15日	"台北一"	null	null	76.2	121
096年09月16日	"台北二"	null	null	55.0	10
096年09月16日	"台北一"	null	null	63.3	50
096年09月18日	"台北二"	null	null	68.0	15
096年09月18日	"台北一"	null	null	50.0	83
096年09月19日	"台北二"	null	null	63.0	6
096年09月19日	"台北一"	null	null	45.0	20
096年09月20日	"台北二"	null	null	56.1	15
096年09月20日	"台北一"	null	null	60.0	62
096年09月21日	"台北二"	null	null	55.0	5
096年09月21日	"台北一"	null	null	60.0	35
096年09月22日	"台北二"	null	null	75.0	15
096年09月22日	"台北一"	null	null	58.1	70
096年09月23日	"台北二"	null	null	52.0	10
096年09月23日	"台北一"	null	null	51.6	30
096年09月24日	"台北二"	null	null	68.0	10
096年09月24日	"台北一"	null	null	57.8	30
096年09月25日	"台北二"	null	null	70.0	13
096年09月25日	"台北一"	null	null	61.0	17
096年09月28日	"台北二"	null	null	80.0	10
096年09月28日	"台北一"	null	null	60.0	45
096年09月29日	"台北二"	null	null	72.2	26
096年09月29日	"台北一"	null	null	86.4	45
096年09月30日	"台北二"	null	null	55.0	6
096年09月30日	"台北一"	null	null	86.0	25
097年09月02日	"台北二"	null	null	40.0	10
097年09月02日	"台北一"	null	null	50.0	10
097年09月03日	"台北二"	null	null	40.0	10
097年09月03日	"台北一"	null	null	39.7	24
097年09月04日	"台北二"	null	null	54.2	19
097年09月04日	"台北一"	null	null	38.7	80
097年09月05日	"台北一"	null	null	34.5	47
097年09月06日	"台北二"	null	null	30.0	53
097年09月06日	"台北一"	null	null	40.0	20
097年09月07日	"台北二"	null	null	46.7	25
097年09月07日	"台北一"	null	null	41.9	65
097年09月07日	"高雄市"	null	null	6.0	70
097年09月09日	"台北二"	null	null	55.0	15
097年09月09日	"台北一"	null	null	39.9	44
097年09月10日	"台北二"	null	null	20.0	62
097年09月10日	"台北一"	null	null	56.0	10
097年09月11日	"台北一"	null	null	45.0	10
097年09月12日	"台北二"	null	null	55.0	23
097年09月12日	"台北一"	null	null	39.2	43
097年09月13日	"台北二"	null	null	30.0	34
097年09月13日	"台北一"	null	null	21.7	50
097年09月17日	"台北一"	null	null	40.0	26
097年09月19日	"高雄市"	null	null	5.0	50
097年09月20日	"台北二"	null	null	53.3	25
097年09月20日	"台北一"	null	null	46.6	68
097年09月21日	"台北二"	null	null	60.0	10
097年09月21日	"台北一"	null	null	53.7	42
097年09月23日	"台北二"	null	null	70.0	20
097年09月23日	"台北一"	null	null	42.0	89
097年09月24日	"台北二"	null	null	65.0	20
097年09月25日	"台北二"	null	null	60.7	35
097年09月25日	"台北一"	null	null	50.6	21
097年09月26日	"台北二"	null	null	55.0	20
097年09月27日	"台北二"	null	null	70.0	20
097年09月27日	"台北一"	null	null	50.0	16
097年09月28日	"台北二"	null	null	50.0	40
097年09月28日	"台北一"	null	null	46.7	54
097年09月30日	"台北二"	null	null	70.0	10
098年09月01日	"台北二"	null	null	60.0	15
098年09月01日	"台北一"	null	null	67.7	40
098年09月03日	"台北一"	null	null	70.0	9
098年09月06日	"台北二"	null	null	50.0	10
098年09月06日	"台北一"	null	null	70.0	10
098年09月08日	"台北二"	null	null	58.9	15
098年09月08日	"台北一"	null	null	53.8	73
098年09月09日	"台北一"	null	null	80.0	8
098年09月12日	"台北一"	null	null	77.0	9
098年09月13日	"台北二"	null	null	55.0	9
098年09月13日	"台北一"	null	null	80.0	10
098年09月15日	"台北一"	null	null	60.0	7
098年09月17日	"台北二"	null	null	85.3	15
098年09月17日	"台北一"	null	null	50.0	40
098年09月19日	"台北一"	null	null	35.0	11
098年09月20日	"台北二"	null	null	58.0	7
098年09月20日	"台北一"	null	null	63.0	10
098年09月24日	"台北一"	null	null	70.0	7
098年09月25日	"台北一"	null	null	70.0	10
098年09月27日	"台北二"	null	null	70.0	10
098年09月27日	"台北一"	null	null	60.0	10
099年09月01日	"台北二"	null	null	55.0	10
099年09月04日	"台北一"	null	null	39.2	22
099年09月05日	"台北二"	null	null	60.0	10
099年09月07日	"台北一"	null	null	48.0	31
099年09月08日	"台北一"	null	null	40.0	10
099年09月12日	"台北二"	null	null	40.0	10
099年09月12日	"台北一"	null	null	95.0	10
099年09月14日	"台北二"	null	null	28.0	11
099年09月14日	"台北一"	null	null	79.8	22
099年09月15日	"台北二"	null	null	10.0	11
099年09月15日	"台北一"	null	null	55.0	10
099年09月16日	"台北一"	null	null	55.0	12
099年09月18日	"台北二"	null	null	15.0	6
099年09月18日	"台北一"	null	null	64.8	28
099年09月19日	"台北一"	null	null	50.0	10
099年09月21日	"台北二"	null	null	85.0	10
099年09月21日	"台北一"	null	null	24.2	23
099年09月28日	"台北一"	null	null	65.2	28
100年09月03日	"台北一"	null	null	80.0	10
100年09月06日	"台北一"	null	null	60.0	7
100年09月11日	"台北一"	null	null	60.0	10
100年09月12日	"台北一"	null	null	30.0	4
100年09月15日	"台北二"	null	null	20.0	10
100年09月15日	"台北一"	null	null	46.0	14
100年09月16日	"台北一"	null	null	60.0	12
100年09月20日	"台北一"	null	null	72.0	10
100年09月25日	"台北一"	null	null	16.0	9
100年09月30日	"台北一"	null	null	81.2	15
101年09月06日	"台北一"	null	null	72.0	21
101年09月07日	"台北一"	null	null	51.0	8
101年09月16日	"台北二"	null	null	55.0	8
101年09月16日	"台北一"	null	null	34.1	29
101年09月22日	"台北二"	null	null	8.0	12
101年09月23日	"台北一"	null	null	35.0	14
101年09月27日	"台北一"	null	null	40.0	9
101年09月30日	"台北一"	null	null	35.0	18
